n_obs_est,alpha,beta,sigma_resid,ar_-10,ar_-9,ar_-8,ar_-7,ar_-6,ar_-5,ar_-4,ar_-3,ar_-2,ar_-1,ar_0,ar_1,ar_2,ar_3,ar_4,ar_5,ar_6,ar_7,ar_8,ar_9,ar_10,ar_11,ar_12,ar_13,ar_14,ar_15,ar_16,ar_17,ar_18,ar_19,ar_20,car_-5_-1,car_0_1,car_-5_0,car_0_5,car_0_10,car_0_20,ticker,effective_date,year
100,0.004363546213815257,0.939417842097466,0.025088937944051672,0.011020188310468792,-0.012357051186489375,-0.0053073155819963694,-0.005553912392963519,-0.014365330031744292,-0.0446904981771747,-0.0027117638710133585,0.00927092531816886,0.010878586559227788,-0.0026522459123452975,-0.009661383304917174,-0.012390963046406276,0.0024655891609131606,-0.02269092097402795,-0.03214304974001281,-0.009214604530900877,-0.02683461484872999,0.025102347268268266,0.00745078521617604,0.013139172284488826,-0.016481160033002085,0.041747716256767944,0.012603002456785889,-0.004209029497869023,0.002254858077671125,-0.014451951474134132,-0.007668992693421285,-0.005418260191839352,-0.015561640944389611,-0.018518627497680948,-0.0005430195414936087,-0.02990499608313671,-0.02205234635132345,-0.03956637938805388,-0.08363533243535193,-0.08125880254815086,-0.09102474759775386,STLD,2022-12-22,2022
100,0.008711870955215827,0.5844584013174172,0.03206911200433351,-0.00519393630355902,-0.05983177185660182,-0.02511102487368768,-0.02629717123555752,-0.015926281685329023,-0.021513234724818142,0.03129810597621602,0.01381733700901172,0.0017817734363336658,-0.029704194630559216,0.007415166635896591,-0.010466726996340457,0.016998092080912495,-0.03262552973620062,-0.013024248607762596,-0.048891515046985204,-0.028974319563402025,-0.0011308354286222594,-0.0004594512157805536,-0.032407700383697696,-0.007362295757729124,-0.010899279644348262,0.053158763097352534,0.006738625181007549,0.058973006773204925,-0.008020604977582812,0.02596719367175013,-0.003578849024796481,-0.02200192522050462,0.0002864134622825561,-0.07758932947650915,-0.0043202129338159555,-0.0030515603604438658,0.003094953702080636,-0.0805947616704798,-0.15092936401971146,-0.12789535017785508,FSLR,2022-12-19,2022
100,0.0006178219009961038,0.5954291797414041,0.012947084128386648,0.004196358822966619,0.00501165530539103,-0.020803660602427956,0.0002512261433900813,0.015102856992994925,-0.012660540906402742,-0.004977293033171815,0.06075390363781121,0.07705370490777623,0.018200883907941133,-0.034654470842576814,0.028429604031078144,0.011217862020094517,-0.0028513719318551045,0.013708294827522996,-0.008953283698157597,0.00910839495192265,-0.018254700241467903,-0.0344026434877855,-0.002521639248088253,-0.008448414829725486,0.009815994532294156,0.0017551309481846776,0.016167403125174517,-0.00718362017697725,0.0021390206329713803,0.0005327501087172308,0.011196751636013753,-0.0035130818574979714,0.016741438928301697,-0.0031206818070394944,0.13837065851395403,-0.006224866811498669,0.10371618767137722,0.0068966344061061405,-0.047622368449038346,-0.0030912623788956657,ACGL,2022-11-01,2022
100,-0.0001764478534088565,1.0128372009837474,0.02476158637374814,0.029071710535968385,0.01688124948200068,0.007958034731236978,0.017115911450453443,0.00691052461886784,0.013781417114247407,-0.008630631442133788,0.011841892551949486,0.0013434330721152866,0.04534766993329643,-0.011941808922598152,0.027370854043847065,-0.026877643949884903,-0.009200148163541345,0.004581562077369804,0.006659058355920348,-0.012056910692596406,0.006678892545033482,-0.03446472963585844,-0.00939894061688973,0.016490985599953045,0.015083141552201326,-0.030254103898019732,0.025611018715118547,0.006238394499387791,0.0036801513239539466,0.050319852821674185,-0.003813867865885808,0.0041757471190319514,0.006366799832237122,-0.033802836286331794,0.06368378122947482,0.015429045121248913,0.051741972306876674,-0.009408126558887186,-0.04215882935924524,0.0014454684541222867,TRGP,2022-10-12,2022
100,0.0008317124387695172,0.871361950391611,0.018263543085587117,0.021851628491966174,-0.0029121561082754797,-0.00783383557623725,0.002692473734344582,-0.013062639999333341,0.019266663919430334,-0.02601086606347987,0.006866297067077195,-0.009319108359221274,0.022043186478404288,0.0245476942429467,0.05208033589856481,0.039634097085878534,-2.742064329756648e-05,0.0442161640445133,-0.04935089530623471,0.011216651585371256,-0.008564022092178259,-0.006254655854571564,-0.014083656967005892,-2.4308556111227175e-05,-0.01143933397481189,-0.008516767972959872,0.011838232254908067,0.01097521763007325,0.004613307786117795,0.011901551975778005,0.008269651874908444,0.01823283602382332,-0.030518570910049017,-0.015518812917705233,0.012846173042210671,0.07662803014151151,0.03739386728515737,0.11109997532237106,0.09338998343787538,0.09322729520795826,PCG,2022-10-03,2022
100,0.0031457206941606073,0.9550430119255293,0.0366279763486858,0.01773874541197539,-0.008933108076580041,-0.012107212402310158,-0.011948524369042339,-0.06505724327677805,-0.039853709834694634,-0.003406844520006398,0.016206034311532728,-0.01462002265062565,0.04174887835449083,-0.0033075518897889185,0.04104438604769546,0.008312451354335582,-0.0246752627955596,0.006301130434548295,-0.0052718853389071944,0.021173419698335083,2.291747642086013e-06,-0.00897371590044746,-0.056100832730869604,-0.011708492582791257,-0.013997653066469063,0.012769226492071017,-0.030968552174184552,-0.09832659582375897,-0.0026171115754772493,0.01404024166619991,-0.01107519830684122,0.004985681986000727,-0.03717955408515876,0.08253025362609555,7.433566069687397e-05,0.037736834157906546,-0.0032332162290920445,0.022403267812323626,-0.03320406195580752,-0.1130433232173302,EQT,2022-10-03,2022
100,0.00158726124053808,1.266825525977873,0.018196509801213196,0.024864580575142306,0.07584316396103533,-0.0003671898817140806,-0.0036775559284564444,-0.0225709473452334,-0.01467016675678988,0.03119045996130087,-0.041330268152601844,-0.007378938573280022,-0.02100131660906085,0.012490305720280257,-0.005287788757836993,0.004190333067886645,0.015574305557478418,0.01284441323119866,0.011867971145227939,0.0071190097683967056,0.004950927071566233,0.00391164047362175,0.002823429831007026,-0.0009159836887025624,-0.015325904142553876,0.00947557351864677,0.02228663668536327,0.01098762072671319,-0.0024581427189901573,0.002011407196825423,-0.010205576550885831,-0.030987032477645116,0.009449180362002714,-0.009691614408820968,-0.053190230130431726,0.007202516962443265,-0.04069992441015147,0.05167953996423493,0.06956856342012409,0.05511071161077952,CSGP,2022-09-19,2022
100,8.79238208713724e-05,0.6686666906020184,0.01382591744003417,0.004938927544952025,0.04847792630380922,0.005927287964668387,-0.004751126060528899,0.007120937772331339,0.006931746382679266,-0.0009078657413076618,-0.020502873439915005,-0.019265465542763455,-0.004450075351184174,-0.008190346402636495,-0.020951132069119666,-0.012067512454224114,0.009292567611471968,0.012392156593425996,-0.013322628957052652,-0.01127335316638928,0.004140092129444904,-0.003654649852784759,0.006811464661844232,0.01659772069517048,-0.01708731116543251,-0.021249131815584105,-0.009682903247435187,-0.02197940155538481,-0.0015717228387043753,0.029782341021086962,-0.02151557342981828,-0.008262924660791543,-0.011850423737367586,0.02153508724839645,-0.03819453369249103,-0.02914147847175616,-0.04638488009512753,-0.032846895678134966,-0.020225621210849386,-0.08210758539188436,INVH,2022-09-19,2022
100,0.00032254770998439215,0.35411744890137153,0.012628922725579524,0.047999165468406275,-0.011612425774775165,-0.006971135673162458,-0.000714188583367149,0.00395924030612994,-0.00883200141013913,-0.007666845495564576,0.0075439478901841266,-0.00045255785489152836,-0.003718035015670356,0.008144239867959733,-0.0015796841820537564,0.005734237278782946,0.004516365984262926,0.004360367368301115,-0.003760945390250045,0.004705620662914175,-8.504740342209129e-05,0.014991755939000432,0.004370691586239229,-0.010171503757335625,-3.4647296236438654e-05,0.0013537287046371132,0.002124369506005425,0.007383642908451101,0.004833900749822368,-0.0003577064127382283,-0.0004840015889455932,-0.010262429194030323,-0.0011630272993691428,-0.00707489642686945,-0.013125491886081461,0.006564555685905977,-0.004981252018121728,0.017414580927002918,0.031226097954399033,0.027545031605125867,KDP,2022-06-21,2022
100,0.0022336692506201394,2.1503603730178944,0.02457271446862303,0.038654757905284706,-0.030676972072178975,-0.0047314830894309365,0.03137423852595733,0.020245053205755842,0.012717170933863875,0.01618756175548433,-0.009145637113431974,-0.01335826303699146,-0.025843859893395278,-0.06400392988309134,-0.017693069889638476,-0.03327682847080395,-0.01862481483137938,0.02657050579042023,0.016096687988962383,-0.03322741875029507,0.000713016317482662,-0.0962756017312447,0.004135316226516568,-0.0033710087352880336,0.054218612516063004,0.027237251610134357,0.006293825979029437,0.020963210113531264,0.0018609781480171082,0.03370155550359628,-0.006440496611554963,-0.004350556184835052,0.0065393918725284855,0.007167250987213792,-0.019443027354470507,-0.08169699977272982,-0.08344695723756185,-0.09093144929553054,-0.21895714596835913,-0.07176612203463542,ON,2022-06-21,2022
100,0.0014549756034903647,0.8966678931010073,0.012171267201064302,-0.0013689846969149816,0.014331689669854717,-0.006049790158479739,0.0032189893885643667,0.0035405522714379092,0.0039823383440755105,0.001774360300070877,0.012369112117409944,0.028947202751535374,-0.020486711313101286,-0.01217455721130373,-0.004963232474003744,0.0006191567843511596,-0.011789532735789858,-0.014634908023142428,0.025281480468800792,0.01060437926511601,-0.001689291816929226,0.01265853093191413,-0.00777259308217961,-0.013382907927953755,0.009874287198293991,0.010080391101997602,0.013844699220643242,-0.021688718217304077,0.003752022484570634,0.019872545015047555,-0.003525594579736337,0.0005450205704824861,-0.011215854962770671,0.010527835619581233,0.02658630219999042,-0.017137789685307474,0.014411744988686689,-0.01766159319108781,-0.017243475821120263,0.0148231576296854,VICI,2022-06-08,2022
100,0.0003841169934549353,1.0216893652766195,0.033444694095591115,-0.07456383620373738,0.01302481397032161,-0.015108557706457481,-0.015085927675837423,0.0001424486691614657,0.02208165829373284,-0.04245098664590219,-0.011095438241949694,-0.04090241345488519,0.05960684391867174,0.031231405683711185,-0.0009302597555132242,0.040365581045157715,-0.03193292940753345,-0.029540651191619888,-0.0030931794350281625,-0.062087979729416404,-0.05540312859107349,-0.013532865848946099,0.038030130287522196,-0.052071872941866756,-0.05427002372045311,-0.05118172641061866,0.02641760791225014,0.052674460312619055,-0.004275797895731721,-0.010410952153324826,-0.003779091465130398,-0.05628791209839082,-0.004423388867234271,0.011621798981733968,-0.012760336130332492,0.03030114592819796,0.018471069553378693,0.0060999669391741725,-0.13896574988460636,-0.23288077528888704,WBD,2022-04-11,2022
100,0.0014217798911331254,0.7369899573748055,0.012645266384057375,5.142858564686592e-05,-0.023564323834698486,0.007679036592290552,-0.004934700236344228,0.0005760923430072184,0.017794432594390737,0.00429921968551753,-0.0013570212628307501,-0.01010453036748086,0.02804368210214455,-0.022687423680001265,0.013316616091475705,0.03649078722661869,-0.019500297439830012,-0.025287076431697947,-0.003669900351372291,-0.0020412871657276505,-0.010641167241788837,0.004974415923900527,-0.010669734015907848,0.0030175498187408906,0.018690019311640965,0.01895324994602298,-0.001773350790564572,-0.02293701614162206,0.011854933719915351,-0.01048245468904823,-0.01672069741710579,-0.007160276271783797,-0.048104868355525715,0.009875133481593305,0.03867578275174121,-0.00937080758852556,0.015988359071739944,-0.02133729458480712,-0.036697517265590035,-0.0845028444720676,CPT,2022-04-04,2022
100,0.0010243431122801481,1.141896129790063,0.014807920597722008,0.020269074539955037,0.00619133086707116,0.015347633342628389,-0.008472889502870645,-0.012482595861110689,0.007933482415818049,-0.006201801384102323,0.008257314142706206,-0.03492752495806844,0.032977244171488784,-0.03298058465662934,0.023012533912439098,0.03789748129692436,-0.003984962474060841,-0.0032115030127866156,-0.01814295331966915,0.016521037882293144,0.003989494283840647,-0.006703278513557838,0.03472943231962978,-0.019976493479400958,0.007622868180617276,0.0031871170905743568,-0.018186938095770606,-0.011402600074556249,-0.005759108253201377,-0.00043488059872539425,0.000908762334521228,-0.0018304512291231183,-0.012544418393049005,0.00019807537197173448,0.008038714387842278,-0.009968050744190243,-0.024941870268787063,0.0025900117462175076,0.03115020423902228,-0.007091369427718871,MOH,2022-03-02,2022
100,-0.00016794331406920317,1.0425934141234101,0.011014713864617847,0.0010890339594901823,-0.000818174129379224,0.006485820624684311,-0.010598753444629874,-0.0011807819589590741,0.006366904722592938,-0.0006642442458771394,-0.0033292751583039633,-0.03911833442908609,0.02418853902126695,0.018460134898489064,0.02165578976143428,-0.004503434226610346,0.01264586244517486,0.0014729618889737055,-0.00643113903423026,-0.014814093437537638,0.003061145756845008,-0.0016879465653068196,0.001973255536658617,-0.0020789379894136616,0.013513013341182063,-0.00211332419046811,-0.008275235837413214,-0.0032583491211584563,0.006569248804283397,-0.029133036763525876,0.013723425010770968,0.005652753652814859,-0.0007954144793622109,-0.006079076064599887,-0.012556410089407305,0.04011592465992334,0.005903724809081759,0.043300175733231305,0.029753599034476805,0.019557603387000338,NDSN,2022-02-15,2022
100,0.001036171433842952,1.3311001666418187,0.030168450733089568,-0.014510228898687803,0.0291600814917533,0.009275773929918792,-0.04481459948476546,-0.027470682571152538,-0.006509978413147046,-0.008896599291934676,0.0012284804046903304,-0.05170967466801577,0.019049495944271126,-0.09734418990831978,0.05986410219536307,-0.004219539433037628,-0.011833211280549703,-0.011209767043769402,-0.023716687795677694,-0.005702347125083967,0.01833189250277707,-0.003860048115569779,-0.0028154351574329137,-0.0338613537521576,-0.06410631674061842,-0.006057256615826502,0.007061377955484043,0.026896959540478355,0.008586646694796595,-0.005049781247365079,0.015796922769587062,-0.02779652418772381,-0.037370507666052405,-0.016576709990940935,-0.04683827602413603,-0.03748008771295671,-0.14418246593245582,-0.08845929326599114,-0.11636658491345833,-0.21498177440163946,SEDG,2021-12-20,2021
100,0.003010774123109015,0.20139788269098027,0.00993482276494477,-0.0196338887914277,0.008100076412636801,0.01262320476160389,-0.02676465123368736,0.002397060599863896,-0.00015456884241867442,-0.011517594320764865,0.00972401846136371,0.003137535651983241,0.0027137210510479433,-0.005258604603315056,0.0016026853137315802,0.00040994467118012946,8.69609933042111e-05,0.006882803635154326,0.0015285039224881176,-0.000999191469830706,-0.010851088660251338,0.0001356271855849408,-0.02505970837777593,-0.010390921044477829,-0.04490950635369101,-0.006946821397660816,-0.01915789122519125,-0.0003692804643817627,-0.0012411262321721799,0.0037295629665890216,-0.031149250741160758,-0.019386146033819576,0.004465966469131763,0.0007913726359007444,0.003903112001211356,-0.003655919289583476,-0.0013554926021037,0.005252293932543308,-0.04191298843420755,-0.15608610881066337,FDS,2021-12-20,2021
100,0.0012905039603486736,1.3586203995246715,0.014214020219992806,-0.016519887848641078,-0.007643394597904286,0.020443427796300304,-0.027827054032114495,-0.057996674597592224,0.008888562660597822,0.15724314797285,0.008315355909610642,-0.018339597798197008,-0.006359587908404147,-0.023550367622247506,-0.0448297493847251,-0.010048934105706776,0.013702350852402897,-0.006852288166217194,0.015590794170962655,0.0025585394648666247,-0.005851706435802597,0.029926285630063505,-0.021379916214679783,-0.009605389854857168,-0.004180434744902177,-0.0047095649127084395,-0.049984756120500295,-0.037697917138991045,-0.025934249211714056,-0.0149784009992732,-0.03517487627018026,-0.018977664905593526,0.0108418624682815,0.015603606334087413,0.14974788083645726,-0.06838011700697261,0.12619751321420974,-0.05598819425553102,-0.06034038166594045,-0.22553277716743453,EPAM,2021-12-14,2021
100,-0.0012253046100552637,1.2084021527724418,0.0214428240080592,0.008944828150538563,0.07800613624915487,-0.00391732132620695,0.0031327469622729255,0.052016450917226856,-0.01604543922398312,-0.020932351648390576,0.0007046177495951614,0.010437709478810193,-0.0061262889946917636,-0.014898717861648075,0.005239929246094075,0.0010994291558245797,-0.006087160688801694,0.03836624581003605,0.027500944188905578,-0.02468183542993333,-0.02728407869793433,0.04550800464780448,-0.00218945619266994,-0.021406493219585158,0.0006202924064163846,0.014301997693234427,0.007756779012635554,-0.011516644233247471,-0.0025833263696721665,0.024249190133206637,-0.0014144026892496608,-0.03156305019255198,0.011233237663605905,-0.014095197955984963,-0.03196175263866011,-0.009658788615554,-0.046860470500308185,0.051220669850410516,0.021166810958092235,0.01815568642648492,MTCH,2021-09-20,2021
100,0.0012761505876531971,0.7927592333133293,0.008292199095466933,0.0025586455785280215,-0.01241779873427165,0.0073106167878717035,-9.72755737020832e-06,-0.0064900034659302885,-0.008633535362465921,-0.020486582036049996,0.01633555194224439,-0.00039353045283376653,-0.0018824776021670979,0.00047630929493366024,0.004502243417168033,0.004718129214081801,-0.009445438625182167,0.008295172584541717,-0.01258817613083682,-0.012020643703185369,0.005336724524172597,-0.00574667858704281,0.02770651374716783,0.0017675595135769814,0.006901867581043492,0.006937969688403064,0.0031663026034670742,0.009284489005651556,0.00851043640690792,0.00890652651078495,0.010712890243108751,0.009358512805756976,0.01150613471359187,-0.00877840705625256,-0.01506057351127239,0.004978552712101693,-0.01458426421633873,-0.004041760245293777,0.013001715249395453,0.07950843775185854,BRO,2021-09-20,2021
100,0.0012914118886354145,1.2127978592938353,0.016957360688664547,0.01779278818011856,9.234481895068446e-05,0.005041082529699129,0.00787539080380837,-0.0036515913101946773,-0.010647146991249311,0.022792220202160502,0.011632841718019203,-0.008399578458342181,-0.00824324534862158,0.015139226414690529,-0.012987640866639692,0.010695091569320605,0.005953694254471729,0.00362738560502714,0.004974947696763522,-0.012255198981888739,0.005094764243043174,0.024931094407328047,-0.03191093012440348,0.020118588085040502,0.026476971168042544,0.00025144408115855603,0.019002095623244786,0.009072976250254926,0.002300165027254713,-0.007514951025397487,-0.008629396444963855,0.0006191289488905881,-0.05016287156510305,-0.02149198874948257,0.007135091121966634,0.0021515855480508366,0.022274317536657165,0.027402704673633833,0.03338102230275334,0.0033045956166524865,TECH,2021-08-30,2021
100,0.0012300768410739638,1.4079668468946949,0.04230715700613205,-0.05622127688334037,0.05878538290842357,-0.016934250898209515,0.02158160981369597,-0.013931331306039858,0.044917991062880996,0.0547904755254221,0.10748794313359912,0.11188509692845416,-0.04258264016479374,0.031074925408129242,0.003287002195877989,0.060004774643919824,-0.042440639805264115,-0.0167667559122951,0.06048378872915941,-0.017730396083422816,0.029170642876612765,-0.018599235727745016,0.09622446832793172,0.08613977458968178,-0.016340385535992853,-0.009707491661940675,0.1579599981250469,-0.06152444539312985,-0.17308317207738264,0.008625138470149934,-0.007690006896406232,-0.04661643826981681,0.08096879130481534,0.00634160676440834,0.27649886648556266,0.034361927604007234,0.3075737918936919,0.09564309525952726,0.2708483492425857,0.20978194407233716,MRNA,2021-07-21,2021
100,0.0013741207067361457,1.1294482465586047,0.015590029943585534,0.002519129939440869,-0.00597880760975894,0.02709170467201872,0.016102454351704674,-0.0351040055767733,0.007138190854461695,-0.01816118336698,-0.029434452766991786,0.011377603619576005,-0.001712157517070297,0.006699470393513738,-0.018029392408076283,-0.0010840438709484763,-0.00023677905580434195,0.010618570428366836,0.001132544309031658,-0.0005447430897417612,-0.003966030741588385,-0.018812535553139834,0.020731334625157225,0.015036847099794508,-0.015992072649792376,-0.013212287003352814,0.009325731922628514,0.004069085844774617,0.009569306052545771,0.006565715296995747,0.009077637602820193,0.018702835752826965,-0.011183696977122693,0.005737644241007658,-0.030791999177004384,-0.011329922014562545,-0.024092528783490646,-0.0008996302039168689,0.011545242136564882,0.03420514221989646,CRL,2021-05-14,2021
100,0.0016980177639233955,1.6762507658937367,0.021948837683587564,-0.011571191461777382,-0.011750884047543809,0.01477255368330523,-0.018620798615889816,0.002798934773260837,-0.0033998964434464097,0.0007427801313013363,-0.013460024633665885,-0.017201600052862753,-0.03726829275049772,0.026694691047638712,-0.004576072677627078,0.022593706631178996,-0.005769167321549555,0.00544617084511935,-0.008417336732704337,0.0030973876284874965,-0.1186637547063208,-0.00835710326738294,-0.011581730055474478,0.00753598463029529,0.004099274738265343,-0.02145998488302907,-0.005897696916925528,0.0003657607887192025,0.020772468657695914,-0.0034058420177062315,-0.021262067177805884,0.0019414349004746867,-0.007971011436189916,0.014049194603680648,-0.07058703374917144,0.022118618370011632,-0.04389234270153273,0.03597199179205608,-0.09199722397833937,-0.11076569272116019,PTC,2021-04-20,2021
100,0.002392131996779248,1.3735549306297854,0.017277032840497412,-0.051292106198555926,0.050595409189167016,-0.029264175868054413,0.027157953270625174,-0.02784169378921088,0.07453565232559066,0.014020047024621151,0.020708380068233327,-0.029895684627714934,0.015659317380147794,-0.020158081970582428,-0.03667168830723506,-0.017771086886796707,0.011718893908512117,0.014361677833677738,-0.02592442593736609,0.02047709305943217,0.010531466579683265,0.014388245744819093,0.00923698105419063,-0.00942648768865699,-0.008039879889833661,-0.022085264254159423,-0.01305072338627157,-0.00811608973964423,-0.035891880982999176,-0.0072663642385140306,-0.00818523134644302,-0.019256248316392166,-0.018528591487956134,0.002351701099097917,0.09502771217087798,-0.056829770277817486,0.07486963020029555,-0.07444471135979042,-0.029237412610322252,-0.16730598515343775,NXPI,2021-03-22,2021
100,0.0028510288815799287,1.5300836554709267,0.03698859980718324,0.015025856114177826,0.03229804938836066,0.05232613439585704,0.041348671741749304,-0.008228859301180832,0.03220938685463736,-0.09224649777863457,-0.007009468700456525,-0.08668143363438194,0.04543976287387196,-0.05009104928842656,-0.0030427532744718034,-0.06638539572429294,0.0332358988022068,-0.04824464519783771,-0.08331018030885452,0.0480546776435372,0.010877256364550562,0.0044030691531609135,-0.031129250946139785,-0.027437199461269827,-0.02176874170363876,0.03203836816822435,-0.039001162645035,-0.024888543450939903,-0.0006421601116272258,-0.01597880323707378,-0.018441007888675226,-0.016137256534214314,-0.06668046543083402,-0.03637047296940673,-0.1082882503849637,-0.05313380256289836,-0.15837929967339026,-0.2178381249916767,-0.21306957223783768,-0.42093981804105823,PENN,2021-03-22,2021
100,0.005937041104144858,0.6226417395104598,0.028480785486221714,-0.04320557248525637,0.03277470307462893,0.007509289913441615,0.041051475909854265,-0.014011642885854776,0.01643597253227142,-0.04177021956135788,-0.03690083846618238,-0.027346987646988667,-0.009903841431223859,0.015861662394083133,-0.034088059709427444,-0.02480772684401806,0.004690560197542158,0.03245173676060823,-0.047070367042739536,0.04310238524495719,0.021882014134649512,-0.024466117209912604,-0.011040328396227263,0.02078374833651201,-0.029958821544418538,0.009345710346582011,-0.01525487573270243,-0.012099615160971204,-0.007589086982246154,-0.012254634066522212,-0.008271198258096578,0.0075345081252950405,-0.044264249178271764,-0.017214405035652417,-0.09948591457348137,-0.01822639731534431,-0.08362425217939823,-0.052962194243951516,-0.002700492133972665,-0.1327271596209769,GNRC,2021-03-22,2021
100,-0.00017942534445026249,2.3305997602050845,0.026892291059430577,0.031389439033254335,-0.04623994677509623,0.034154950706992815,-0.00022019653495665079,-0.0034769899623680114,-0.009154090456505998,-0.050995405787263234,-0.004019555094242092,-0.023473835610557083,-0.012644262100567807,-0.02569796914620239,-0.026815417473254517,-0.007224374765364678,0.035581524344084,-0.03149913867019456,-0.057707498162164896,0.06288115389194125,-0.00458197338390876,-0.010323864266149223,-0.019384029852352824,0.027850409167277584,-0.002283757876378051,0.028091902608761387,-0.01587323046737659,-0.02034407223434169,0.007246387168494196,-0.016307482185622633,-0.0267143105564905,-0.0030769969070564285,-0.04105438381415212,0.02873906458942989,-0.1002871490491362,-0.05251338661945691,-0.12598511819533859,-0.11336287387309704,-0.056921178316289026,-0.11849805799102155,CZR,2021-03-22,2021
100,0.0021750953099648903,1.2354619051181839,0.02526244536358206,-0.013177303281770091,0.01310924363732974,-0.001341618858960992,-0.02651150005896277,-0.011204278216445082,-0.02923434914949564,0.0137412804573955,0.027393401374185247,-0.016146499793324474,0.02459818185830146,-0.004737362458666943,0.003800430581962238,-0.021773448072256216,-0.00834548035123795,0.04656495195741798,-0.047634007450296195,-0.006413268089349248,0.02654444624008217,-0.038927991166853984,0.03608001299473563,0.006839148384115392,-0.040789124356030694,-0.029413073539680687,-0.06414662620670135,-0.011079877678698712,-0.09281567777552313,0.050178781221317165,-0.010993637508528574,0.027989147285761205,-0.02317264423132812,0.021469999890292475,0.020352014747062094,-0.0009369318767047051,0.015614652288395151,-0.03212491579307709,-0.008002567430347132,-0.18077530032946756,MPWR,2021-02-12,2021
100,0.0020233442694551585,1.3141125581295239,0.015112671596991496,0.013562405606778353,0.027531229751310404,-0.0025611862210168507,0.01707273513908615,-0.01870899205286562,-0.031644916669255736,0.0007739374694169594,0.0015739152600731257,-0.016566855051911477,0.0115116412910806,-0.018103403488407263,0.008318803703363603,-0.005354185170164265,-0.017001716541092216,-0.012153633425244503,-0.00019115071915380873,-0.0021590534530843628,0.004141677476503881,0.024457203176452832,-0.006318388505179344,-0.004521158568351847,0.004555968929609604,0.011809737936653016,0.00925865841285322,-0.011387544298996997,-0.017128854787560648,0.004452738194770406,0.014817525506358108,-0.03804371527984508,0.004068264774599242,0.007152316535292222,-0.03435227770059653,-0.00978459978504366,-0.052455681189003796,-0.04448528564069845,-0.02888500551435729,-0.039329909590624205,TRMB,2021-01-21,2021
100,0.005956334966507839,1.5251684169698265,0.0412278877244547,0.03450660949034034,0.009965674015749004,-0.005424398160411139,-0.05226929009235452,-0.03316330987635732,0.007911598675922948,-0.0011639289908068496,-0.0018642784835757216,0.035536134853805953,0.0992907040936641,0.021343026475217616,-0.04446577073728136,-0.02394160951953092,0.016979414542921685,-0.023075898246542617,0.024700371202444886,-0.08634674633703042,0.036256990094591754,-0.03644791778746867,0.05525855383150789,-0.0014519715853672488,-0.05650257202648154,-0.08263381588644922,-0.01170922123992666,0.058248775554428596,-0.036804106473830575,-0.008598583103462426,0.006190817464354251,0.011582453577184904,-0.02604298223887144,-0.0243883565468975,0.13971023014901043,-0.023122744262063746,0.16105325662422804,-0.028460466282770713,-0.06119155806653741,-0.231849148986489,ENPH,2021-01-07,2021
100,0.005068809498848054,2.293545688450597,0.04698631277133687,0.06826102238822321,0.0011209519423671776,-0.059183239002015664,0.03457012733895231,-0.029781235655762874,0.052711176127991914,-0.0448517325804933,-0.02581920956765791,0.03359469455721645,0.060901810286505445,-0.063246970677889,-0.015066770117761245,0.001990485795337996,0.010983705153951357,-0.02209047629424543,0.00350502025608735,0.03417693516653063,-0.00423684223548481,0.06260594288520557,-0.013965082678994996,0.00986741745396727,0.037576786265899983,0.057851051871715485,-0.07142801529602427,0.04005276225633436,-0.00444826762259159,-0.0075185219831088845,-0.011066746365025835,-0.0016389600051961231,-0.02984843671216366,-0.012235967965809991,0.0765367388235626,-0.07831374079565023,0.013289768145673606,-0.08392500588451897,0.004523364706704704,0.001819049150734161,TSLA,2020-12-21,2020
100,0.0026991091024742273,0.7772487609038898,0.018664479094820125,0.013944939512931602,0.004118036184847773,0.0009762556010522137,0.0164289033120396,0.011269004834415076,0.009009747716471339,-0.025691628647949112,-0.012083974298161848,-0.0012953002610901695,0.009031508847080788,-0.0050984553888935025,0.01849215429281624,0.0070806037268681295,0.0022076368311984267,0.0002317378198740819,0.025827850279005513,-0.0013165968099949315,-0.005415681352351308,-0.006424270249588819,-0.0004988191572236804,-3.494581312711174e-05,-0.022915727064165732,0.02679420060112279,0.014205331915884233,0.011828283588740583,0.01387891017330413,-0.018039714352079593,-0.02364659959190009,0.00888571905402431,0.002688681955790903,0.015398730098271474,-0.021029646643649,0.013393698903922738,-0.026128102032542504,0.048741527560868886,0.035051214178583034,0.06412903055757604,POOL,2020-10-07,2020
100,0.009762696972578306,0.9334006860928232,0.038774446813054905,-0.03859714450520516,0.003213818783274357,-0.009119348064661328,-0.012372344190514533,-0.008452986918662732,-0.005639150527760851,-0.028444154999171467,-0.025505239516003354,0.002067044030522054,0.023542384171554263,0.03851292588346605,0.008855043640999198,-0.023700171197696365,-0.024873949091398673,0.015109690371154217,0.020043284646966406,-0.008985608120132394,-0.03050403180782187,0.06477699509453577,-0.00123552416915011,0.011331147355830178,-0.012333250362969748,0.032592812970193015,-0.039322518485720805,0.031899193556577485,-0.020131656098548927,0.03487274693169816,-0.02486904394327559,-0.0036788782882177405,-0.03054249076484228,0.010876417920592314,-0.03397911684085936,0.047367969524465245,0.004533809042606689,0.033946824253490826,0.0693298026067524,0.04869313604223831,ETSY,2020-09-21,2020
100,0.0010692847616182806,1.4522617320080524,0.021616257461338575,-0.030703231466999555,-3.166295225354859e-05,-0.012448322161548456,0.005917659044257052,-0.008760366553301278,0.005587445373054556,-0.003695145470506876,-0.005679149913010065,0.0282159669939884,-0.0012301915177003828,0.023008890734455403,-0.02095572961631716,0.0186608192979444,0.006331916067710683,-0.0056486114546179175,-0.00541623598155256,0.01423577429465107,-0.018028009040273383,0.014156496062413702,-0.020612918438701514,0.005719879810152938,0.017888999735553326,-0.011673545990889041,-0.010349553395453397,0.0291697225485787,-0.018578994549403875,0.019596091510125806,0.0005611089648989796,0.005283850346126901,-0.009316709674863609,0.023764969531772182,0.02319892546582563,0.0020531611181382435,0.046207816200281034,0.01598104904762285,0.011452271735865664,0.05779821076231165,TER,2020-09-21,2020
100,0.0030412996627179126,0.7136654962383179,0.020419959173930496,-0.0027392290883448394,0.009966231428424318,0.019926078487825193,-0.02626668542076919,0.010707677627742135,0.0021951635685969577,-0.013960839492473084,0.0005870692889993268,-0.006345409955385935,-0.0038979357880246776,0.0023114744945439726,-0.01648019433172366,-0.028144606202505598,0.0002647212467112043,0.003677169730788639,-0.013931340228693299,0.02938597351684438,-0.00012578497421581857,0.0023361024063541964,0.0010847984343775405,0.010889955474966444,-0.010422322551951,0.02331424713408818,-0.011267087930412782,-0.016951313973604415,0.03145929391225362,0.009528394550798904,0.006671192561541717,0.023810913363991888,-0.0019383337931511337,-0.006797744310729841,-0.021421952378287413,-0.014168719837179686,-0.01911047788374344,-0.05230277529087874,-0.008731730432551998,0.038675508530273135,BIO,2020-06-22,2020
100,0.0007902665525734982,1.1037697549041325,0.03083092208041641,-0.0049187146863999345,-0.030406110261954444,-0.006612695437720365,0.009183108948689761,-0.039634579573539844,-0.0042468326305683795,-0.013063988091486872,-0.01434357722383169,-0.015380946673129116,-0.015623344214127746,0.006539326704201121,-0.03201425900683803,-0.0022573342696586528,-0.010029630694882186,-0.004429002760941419,0.0016628240787596761,0.002372466609407247,-0.028299324360520822,-0.024841473410150517,0.0028382971594557473,-0.014843262811291396,0.008095806962288255,-0.03275734597071966,0.00655169542151943,0.0072279163324131725,0.009624489935814053,0.04901479945705991,0.006263334762564319,0.006542884803908913,-0.014422207431543804,0.012022790566236952,-0.06265868883314381,-0.025474932302636914,-0.05611936212894269,-0.040528075949359504,-0.10330137276245924,-0.0451372079229177,TDY,2020-06-22,2020
100,0.0022779499946591663,0.6678527099215996,0.019158938973764944,-0.010997508467518128,-0.00422202261230974,0.0241319773170147,0.0049562389718004335,-0.03740664158945164,-0.012573910831163902,-0.00979332827888623,-0.010868739344191601,0.007595360195224352,-0.026138922016984985,0.008558452753209978,-0.01653434054285114,0.02710490176211982,-0.004106522245990793,0.015481378043689348,-0.01474725179986804,0.007954200876632612,0.004244529641296681,0.008586304969108591,-0.020573062515744766,0.005128414433160389,-0.00036203221447752513,0.018952323849634613,-0.013558708359416714,-0.037892016828517075,-0.003663300904722443,0.0021306622128271363,0.00028540550042366705,0.008493532199097445,0.03234566789238534,-0.007185201545312178,-0.051779540276002366,-0.007975887789641162,-0.043221087522792384,0.01575661797030917,0.02109700537476268,0.02064333717668495,TYL,2020-06-22,2020
100,0.003088769650833129,0.7166974058413198,0.020500792217352105,-0.004827834499865428,0.04674583773655799,-0.010267812437824887,0.0007467315977102776,0.019988858859248105,0.012100210075255365,-0.005759291995467049,-0.027307212006989937,-0.021944185797302063,0.006921079505956173,-0.002785139322004725,-0.03815061715572514,-0.036524363263211124,0.021698798619185302,0.04091238645187692,-0.023989458622665938,-0.012822225468211382,-0.02207527926184042,-0.019862866467292045,-0.01997848993146508,-0.0023301965603392365,-0.004096454819985239,0.03212800447737964,-0.003237086054335217,-0.027419930509209222,0.0331209113078588,-0.011264446871243696,0.003147950010336832,0.0030909392537026813,0.019330175914622248,-0.0021577492862463257,-0.035989400218547504,-0.040935756477729866,-0.03877453954055223,-0.03883839329254471,-0.11590745098169287,-0.0732651375588124,WST,2020-05-22,2020
100,0.00295400524328806,0.47591352435526996,0.03303388179645333,-0.017220820422933467,0.0012728586516528619,0.0012296689400997656,-0.0022843908604074543,5.266551502730067e-05,0.026603003341648862,0.0026382938366222384,-0.02227318598460634,-0.005646552955564796,0.019431619275038767,0.00809557164884484,0.023833840545222442,-0.03193089490664908,-0.004739308160654235,-0.0488834158087126,0.017065349491080784,0.008538387095657681,-0.004555956337309861,-0.012475939426219352,-0.04138107740937422,0.027668410778428708,-0.02472231666735787,0.04878088191558525,-0.01061029522227719,-0.003514344186896088,0.004220429096728743,-0.020393271941003124,-0.03204924101062842,-0.010219322752911451,0.017658119566026163,0.025662988810997142,0.02075317751313873,0.03192941219406728,0.028848749161983572,-0.03655885719086785,-0.05876503248968488,-0.06395140488142172,DPZ,2020-05-12,2020
100,0.0035994222974072964,0.7271958920598132,0.031011784894394122,-0.06616184953153324,0.07433212120972726,-0.0270475273612862,0.035775531495398444,0.02498947701088608,0.022699642799200833,0.007624031530948268,0.0863346900055014,-0.012950648243895083,0.034670477060708194,-0.013917839868577605,0.00040963215335109923,-0.02217620202329925,0.02932565685502607,-0.034060654537839935,-0.02003838555026394,-0.027068600472118565,0.0005993639214745051,0.009306847007146787,-0.07211501919881491,-0.07409761973234255,0.004033774780041143,0.037448968083291886,-0.0052917928808757205,-0.017366265069983962,-0.04013109973061192,-0.060286729366033326,0.03297463372879875,-0.0010365068253431302,0.03381422237775612,0.012473189020368664,0.1383781931524636,-0.013508207715226506,0.12446035328388601,-0.06045779297160356,-0.2238328214462583,-0.22720042732884985,DXCM,2020-05-12,2020
100,0.001132200174158894,0.9210341640974182,0.015030544200979592,-0.07046255069210619,0.005325301185018801,-0.13947696580468164,-0.0736726477531105,0.1501936777012451,0.05346184882379865,0.034641097179258305,-0.03005385932900212,-0.04842464152813104,-0.007214230238169774,0.10977075112847513,-0.07641067700362689,0.016111246166260525,-0.051842567259539375,-0.04643731551417138,0.045075782712590856,-0.0014667369773470225,-0.04207872326439184,-0.06112986247642552,-0.051072257012878486,-0.06347707389616504,0.05584582816705678,0.014627203000932234,-0.06697451495286172,0.000396622900744794,0.014940145287733322,-0.031286495167256116,0.03943281680538507,0.05329159797848128,0.12179926295080953,-0.05345775329741316,0.002410214907754022,0.033360074124848246,0.11218096603622915,-0.003732779770011123,-0.22295743339721902,-0.07434271972360705,HWM,2020-04-01,2020
100,0.0013369797220694846,1.3721372812197716,0.015053690600728241,-0.02322482755394044,0.022036039161830924,-0.004853683018855736,0.029856522971789944,0.012136800300015911,-0.009120062275521132,0.01788871747092194,0.004417473144087638,-0.001086622107782785,-0.014685864904836568,-0.06279347696042178,0.003671535584117286,-0.08199986957193958,-0.09683556651868126,0.0574203936988134,-0.06786007595433229,-0.04503104479563334,0.05178238335032235,0.03980939034453748,-0.04828328226819996,0.09468215467050421,-0.06767678278622191,-0.042269029438437966,0.0324992043507452,0.03929391423896888,0.03383356375549442,0.014698407722999976,0.02101317158152147,-0.07884272689561606,0.011796297408260298,0.0017343951277947398,-0.0025863586731309073,-0.0591219413763045,-0.0653798356335527,-0.24839705972244425,-0.1554374584209135,-0.18935704335540446,IR,2020-03-02,2020
100,0.00030071877589836656,1.2659455096130947,0.022421948458945257,0.0248081613605688,-0.029040428530329246,0.006298458501207662,0.007047303658538829,0.0013556227305227837,0.014940041254281848,0.01094115563972357,0.035695468623040676,0.011071149911883335,0.012502972397213123,0.006240164968166878,0.011598627925485662,0.006762066586909214,-0.0008620290252425271,0.0071005580827650586,0.024045461592060606,-0.060637032461061544,-0.10828110161285988,0.016208953216038213,0.005538297947853401,-0.013334714126316967,-0.003042574350501843,0.02487937473539421,0.03343982552997866,0.015194185777092462,0.013425450553399283,-0.04004883829283973,-0.019469385553056037,0.027353362249859847,0.015157500687678533,0.014856205854967414,0.08515078782614255,0.01783879289365254,0.09139095279430942,0.054884850130144894,-0.10562074690620188,-0.023875639714229083,PAYC,2020-01-28,2020
100,-0.0006663086691981638,0.8473419614016144,0.014986071201086184,-0.01714755812907151,0.00952991848451275,-0.0040957593589416455,-0.006712912842527412,-0.07553278095813214,-0.017565868239733398,-0.009896983002976945,0.0174291027433142,0.0848583664157085,0.02081951884056349,-0.015702523858477507,0.0032424042015206968,0.009417062110024355,0.0021739414238202814,-0.000581075330669048,0.0018182439234287126,-0.0005444577989576387,0.003186053833954722,-0.0009275158039334372,-0.008591977454988332,0.007462188233144597,-0.0009172446229286377,-0.0066835014973043085,0.00981349532360042,0.004435086156123789,0.021709054943696512,-0.00021311704105746176,0.009117846779169646,-0.00545846199663477,-0.003055499639603385,-0.004326829606513139,0.09564413675687584,-0.01246011965695681,0.07994161289839834,0.00036805246964748996,0.000952343478867401,0.025373172277416062,LYV,2019-12-23,2019
100,0.0008076897240197338,1.302872657877606,0.02586641538091881,-0.008938083539275072,0.012451635556126738,-0.0045521739701258135,-0.006263701872361301,-0.0027624709920492934,-0.019244578379687922,-0.009144025150513511,0.007576916698117769,-0.01564982452328552,-0.009765778244996805,0.014717649944460617,-0.009945368931149546,-0.007118170720416554,0.005339040218092241,-0.000664358251903932,0.0005799733934319018,0.0027022319118307145,-0.0035727775225073456,0.0022225807180389252,-0.003136976304735098,-0.042214981192063586,-0.01406400573439877,0.0019840840868712017,-0.0005290323777412224,-0.0008866893599915062,-0.004331054875667789,0.012773732498607913,-0.010527198823716917,0.0013851346120002286,0.0040709061731583444,0.00010766890035995976,-0.046227289600365984,0.004772281013311071,-0.031509639655905364,0.002908765652514728,-0.04109115673692166,-0.05110761163744021,ZBRA,2019-12-23,2019
100,-0.00035116150528837674,0.8514702137266577,0.012441185377621383,-0.008423667123650216,0.010421811369074932,-0.003811748244749131,-0.007049505719305191,-0.011033056023921368,-0.013510316199801965,0.0051601982140577,-0.014308158228438027,-0.009283016524798078,0.0058751508192777906,0.010499288672329434,0.00414206598222868,-0.008487360201286032,0.003356955724277279,0.006143875954900303,0.0010007921551854898,-0.011488744965351877,-0.0006945219275339108,0.003898818618230263,-0.0010911710217099183,-0.004409261957703313,0.00018639523446197046,-0.0022998861420619153,-0.0020646999402908588,0.007366538516087311,-0.00019100810737840987,0.003429935138939952,-0.0029310205221049148,0.0005340412630779074,-0.006548599550733237,-0.007054724527532127,-0.026066141919702582,0.014641354654558115,-0.015566853247373148,0.016655618287635156,0.002870737033566397,-0.006702291603967927,STE,2019-12-23,2019
100,0.0026104536837625175,1.1194207426801082,0.012745318360578722,-0.009516481827349734,0.0007640553855894176,0.006596482576132694,0.0005799550093894441,-0.01877438444978897,-0.021013661913796666,-0.01853044638196462,-0.009831800031351898,0.007088610858227031,-0.010346133351313808,0.014676240551344904,0.0021439453348737624,-0.015614177503115235,-0.0026293540983254628,-0.008415293306812635,-0.012731362296990944,0.0006099156592690971,-0.0077132412672342035,-0.00646046632338065,0.0043802782292176115,-0.00810676671127187,0.0010718741205001077,-0.0069541175479967045,0.0009571186523807699,0.0011764570428141941,0.0012885484558304173,-0.00016458490884311595,-0.006676462839442289,-0.014495701278441488,0.003396513335972483,-0.0033816363559589354,-0.05263343082019996,0.016820185886218666,-0.03795719026885505,-0.02257000131902561,-0.03986028173242562,-0.06364227305561018,ODFL,2019-12-09,2019
100,-8.298076268787523e-05,0.7834977394215656,0.010901836688989119,0.005472713398230225,-0.01433682086344095,0.0010324605769887136,-0.002985445934468152,0.014229880387138292,-0.004336625277390274,-0.013827572031605237,0.012154836286710706,0.0003152264257709706,-0.0017735188983920938,0.020368028088665724,-0.00160586701137272,0.0034204213117697787,-0.00234116932472877,-0.007354255605694196,-0.006032132823080448,-0.0005487978380861216,-0.009675054286207989,0.004141764683132008,-0.006067741588510018,-0.008915863800851787,-0.0010213026054057394,-0.008313922024733933,0.0005284303982522514,-0.003194172168004841,0.001515658044212063,0.005499860053855954,0.004603352094122999,-0.008482529446905144,0.006938112450616923,-0.004129681720757042,-0.0074676534949059264,0.018762161077293005,0.012900374593759797,0.006455024635559371,-0.014610668194964541,-0.020666863119711047,WRB,2019-12-05,2019
100,-0.002525131664314751,1.449419699550023,0.017342943483860458,-0.0033342750162482144,0.029719544680487223,0.005774788786266844,0.016145124820468475,0.007062105523233937,0.0009579801266505761,0.01519807230489664,0.025929314453474236,0.04540867140930053,0.026741110024994345,-0.008984029008863114,0.002452482969875799,-0.009137225693056156,-0.0038401914791281323,0.0051280038288077905,0.01458840118655002,-0.00521858939791443,0.018145914961614117,-0.02546122176267394,-0.0020977523757934693,-0.014654978251821172,-0.0015222747978419493,-0.006769952639303261,0.0002633835842513557,-0.01604291405636983,0.029638805738868745,0.02396543967973338,-0.01821491394552328,0.00788462345278513,-0.00021842450975215373,0.010168140979514153,0.11423514831931633,-0.006531546038987315,0.10525111931045322,0.00020744180418620466,-0.029079185022402688,7.272846395960618e-05,NOW,2019-11-21,2019
100,-0.0019519642942237092,1.5620158345598327,0.014259882760849886,-0.011877279531628569,-0.012330362361110344,-0.00038514678333813855,0.005856688520847612,0.01737432539581004,-0.015496910794349707,0.0320511781060063,0.005404505090548074,0.011650295445878906,0.01768236517903273,-0.020233104281408454,-0.019205470674451584,-0.00996518485486389,-0.0008535134600322312,0.000801359783762565,0.003342992269981762,0.03462557858771444,-0.005828534373900563,-0.008273618086114667,0.0068217615411361905,-0.003403275141723155,0.01000224963619738,9.18492845229154e-05,0.018686508308999455,0.007694316517406984,0.03118909867073455,-0.0034161720597542513,0.012349507673050007,-0.003178271033323411,0.0055505580894080735,-0.00457526347686566,0.05129143302711631,-0.039438574955860034,0.031058328745707853,-0.04611292121701183,-0.022171008689899588,0.05222337292047646,LVS,2019-10-03,2019
100,0.002265979116522712,0.6171596436107174,0.013722984690134733,-0.002664383485266066,-0.016945920806583553,-0.01378971492186627,0.012821693158909426,0.014482320483957246,-0.011248616643331294,-0.007567699594971665,-0.03926714896332762,0.008754083551988815,0.008489308174168281,0.009509162668554156,0.005104716825397501,0.019317382194283216,0.0057118946093564936,-0.013903729381151263,-0.015753503997341826,0.017063855668227407,-0.007511629916492634,0.012069318098677582,-0.018470790055174095,-0.020631189605322956,-0.017499378649644563,0.012430497579004838,-0.0005937669212900502,0.014116519528482658,0.01568917599034261,0.029741530267279333,-0.02539372094960719,-0.010850601241463977,-0.0050637599958453985,-0.007577724261729229,-0.040840073475473485,0.014613879493951657,-0.031330910806919327,0.009985922919098278,-0.007494512890986415,-0.002495741545457386,NVR,2019-09-26,2019
100,0.0014255367131167688,1.4028214395686616,0.012115410107684481,-0.008754580200802305,-0.054376352062863495,0.0001491382845881621,0.007838021072486306,-0.023504278465517718,0.014461641331802525,0.002012223165447832,0.05430461313579645,0.010273356482309596,-0.0006350070429133855,-0.015599422434392309,0.004716927748306424,0.013778068423316586,0.017338311411605637,-0.007080690722896297,0.0033466484149542227,-0.0014745029742489583,0.013125701815915106,-0.013733545595061911,0.0012440117691783562,0.01073586959640907,0.019518874411161773,-0.02386254711016596,-0.004339751790843444,-0.0015426570603714902,-0.008197109449793957,-0.015079144437395232,0.0038921830088935166,-0.002873370945177707,0.0035996153768109752,-0.009822540082168898,0.08041682707244302,-0.010882494686085886,0.06481740463805072,0.016499842840894265,0.026397377453085923,-0.012309070625964487,CDW,2019-09-23,2019
100,0.001974192538298971,0.8838370562362297,0.011905285334190305,0.007170552001599464,0.010194666656527218,0.0129496375362308,-0.0196929134103132,0.02184535601696984,-0.014271413217856316,-0.011071319548457737,-7.304120579038412e-05,0.0039480238568197785,0.022096074271813385,-0.006169705612612214,0.0088600194942038,-0.0006648488604557162,0.006946010719548167,-0.0030633553876852366,-0.0037172383765525195,0.002310498369280968,-0.0021464451810298763,0.003354611607702347,-0.001293115410462411,-0.004189041573624649,-0.0010145338033174228,0.00948362735588915,0.00034158557236005013,0.0040008368406110155,-0.0007090075757494839,-0.007483708896465626,0.0030951353320360156,0.0002038145838166739,-0.016381060847502175,-0.03319068845409436,0.000628324156528727,0.002690313881591586,-0.005541381456083487,0.00219088197644628,0.00022738978831265966,-0.041426610104103506,LDOS,2019-08-09,2019
100,0.0007578415494522288,1.1266748324521503,0.007466219915948614,0.01238445437471682,-0.007084226041601386,0.015911589699190733,0.002460989901426444,0.008772870981626843,-0.03214084106568349,-0.0022915170182442393,0.007809213694525981,-0.010812606032914295,0.0032817397813986043,0.006166288075344925,0.014192876778384985,-0.002503739843091553,0.009329523366206915,0.002110488759088927,-0.003204858931816837,-0.004908320525147605,0.003472512630597462,-0.0034178053870541182,-0.0062350381681475645,0.0023699480975851103,-0.012130569840488187,0.014671885943477509,-0.006756069659271728,0.0002139491040925503,-0.005178729839836602,-0.01412625056654114,-0.002420619113403504,0.019355257332912344,-0.0009535781694280208,-0.006115754574931798,-0.03415401064091744,0.020359164853729912,-0.02798772256557252,0.026090578204117365,0.01737187485195065,0.0039313954685320715,IEX,2019-08-09,2019
100,0.0005907289547393186,0.5908379361041698,0.012354520420540091,0.007548018594446579,-0.004971367295896338,0.015459434559496365,-0.0006122493874959004,0.005870229194385318,-0.005628993806022405,-0.007687921619174329,0.04201748169522831,-0.006656071723526126,0.011776998436105815,-0.002458291805867042,-0.0019862153480522957,0.001888040556400064,-0.01494061169296537,-0.0038795484059929684,0.0007062512949518175,0.001538886403167703,0.027766519389135037,-0.006194966945548229,0.047947837490473204,-0.022080870214445106,-0.012261882010120814,-0.013624166503314617,-0.000531414301808376,-0.01639495330441018,-0.0027407803058493926,0.005973099576168508,-0.01144950304027898,0.006823124405961197,-0.0015586406315045553,-0.0007779484759864574,0.033821492982611265,-0.004444507153919338,0.031363201176744224,-0.020670375401525793,0.02830703072125682,-0.018236033869886856,TMUS,2019-07-15,2019
100,0.002855505110256649,0.4677828611090495,0.011890808025485476,-0.008145871515095868,-0.007222391804843568,0.035266480059861174,-0.0073561888659427225,0.002911324472794688,-0.002224967394087728,-0.04127788200853936,-0.02244618829404519,0.007028693229765813,0.010390203694632125,-0.002828176992072225,0.021211479889731183,0.016307389836689973,0.00798405727415326,-0.0017586721756254692,0.0006575492667014169,0.013817598302950113,0.010652445198800483,0.005510305066987371,0.004043438208631522,0.005149025697933006,0.013668442982152324,0.008349511106766506,-0.015555734933236406,0.005179068512233374,-0.01328064990553732,-0.10072089843481183,0.028365339293207566,0.005089629621295598,-0.03434271596093543,-0.004174063919506739,-0.04853014077227434,0.018383302897658958,-0.051358317764346566,0.04157362709957814,0.08074643957488063,-0.02667563206349173,MKTX,2019-07-01,2019
100,0.002214458827031969,0.06058184245167239,0.014318284696051713,-0.001704907979247309,-0.0017942686100218053,-0.0023414548879643854,-0.04870419332986073,-0.002046703424915136,-0.0034991529604994757,-0.002706912084195119,-0.0025850283051676495,-0.00284711375051556,-0.0024961171451245647,0.0004939830653160849,0.0014805014174539234,-0.02408487844373946,-0.006681002946541212,-0.028221920186282855,0.011185706269542737,-0.02203097274768222,0.02331104906064882,0.011567043544858224,0.00872077559342483,0.026684052857623104,0.002214053827685095,-0.004184789399235591,-0.0025622556611433894,-0.007913270826229571,0.010646557190591165,0.005920966592514185,-0.008116183966467365,-0.016671528680982442,-0.039693429714791104,-0.007946809223097411,-0.014134324245502367,0.0019744844827700083,-0.013640341180186283,-0.04582761082425078,0.00242433748462198,-0.06588235237653445,AMCR,2019-06-11,2019
100,0.0017544433370833843,0.5069054152318299,0.007700739287853705,-0.0016001327684627255,0.00017658168441894327,-0.0027311272044428236,-0.008094314394789207,-0.006183210358657466,0.039856004510930736,-0.01241984582632197,-0.02034020406868376,-0.018011266845808015,-0.012136901610109198,0.02763757064490789,-0.018504917778201315,,,,,,,,,,,,,,,,,,,,-0.023052213839992206,0.009132652866706576,0.004585356804915685,,,,BMS,2019-06-07,2019
100,-0.001649125038842035,1.1927699647591277,0.016744944246762112,0.014136398049718297,0.011662312953175259,0.022027186219953872,-0.0034530633310012196,-0.008952414884919935,0.004550604959276853,0.0016571125610992544,0.020267931002970987,0.0017186993654174942,-0.0035810655541301875,0.16890060787109776,-0.050142488632680754,0.002022711766552429,-0.035475474591366046,0.002590267235293096,-0.002403628888169096,0.0017954583864794504,0.0004130891942235376,0.015249511399739015,0.006908336036406183,-0.0038665398147244463,-0.01659708933180492,-0.01929557309618727,0.017577258407136285,-0.0013927718325639324,0.00452000905468821,0.0053702859426167805,-0.0007976643153405931,-0.0030379904531973863,0.011457611811147957,0.0024736448899734045,0.024613282334634404,0.118758119238417,0.19351389020573218,0.08549199476072739,0.10599184996285113,0.10626957103931964,DD,2019-06-03,2019
100,-0.0038914111386098016,0.9176430372485801,0.023330906766775447,-0.05357025570504461,0.040172994520500965,-0.01182686734450761,0.03302288899859759,-0.0021654434008525113,0.009078004496361416,-0.013047519601772289,-0.004967310639988798,0.06486038572796024,-0.049336328557361,0.022346653002010063,-0.02097779257062898,-0.01394644766322614,0.024165437269989754,-0.0031140018336756814,-0.046995056400491245,0.021757391007135942,0.011427277265686693,0.004550924126232168,0.010702412621802401,0.006963938440552943,0.00178639331216494,-0.016573618912608203,0.014182209418812701,0.007334342913937815,0.008530731648179826,0.012982574527599544,-0.03162704613049684,0.004233307188430865,0.027705820848734977,0.005527298011636256,0.006587231425199569,0.0013688604313810832,0.028933884427209632,-0.03852120819602223,0.016880735265387917,0.0509627480917798,WAB,2019-02-27,2019
100,0.0005724458434789125,0.2982863791826697,0.01293713172433277,-0.00504871955814728,-0.010642155774999733,-0.0005231930131986181,-0.007286785124202054,0.014258901470747844,0.008866961188867714,-0.01228171664419321,-0.014771798090082503,0.006217523218202383,-0.006323978156428992,0.00749502042051057,0.001553519157165139,0.006066404024673065,0.01194598923559689,0.006355943498902737,-0.012872376450216008,-0.0005399857038669395,0.0054740394189314555,0.000170247326090465,-0.002116453109032769,0.010347200992047072,-0.005253520841454404,0.0025867549198927654,0.0015594833422656739,0.007077791500613125,-0.0009298632673262822,0.0068667156318689745,0.0013967161399523757,-0.003362974218702394,-0.001957104690818908,0.0031395808606677887,-0.018293008483634608,0.009048539577675709,-0.010797988063124039,0.020544499886632393,0.03387954881080167,0.045003128187760394,ATO,2019-02-15,2019
100,-0.00022211471338171084,0.9306994524397507,0.01649791861268612,-0.011331489041959603,-0.010109551134908301,0.0018184730053452305,0.022877892875883658,0.007515506252491335,-0.02521150983864468,-0.01878934257871453,0.014682898895160904,-0.03144472283582709,0.017263661976874522,0.0005962304512957418,0.011979059275902846,0.009947752169911913,0.019528914519776574,0.002937908364754019,0.003939507060096087,0.0016154656198756902,0.0035124358514196617,-0.004595566939540602,-0.007217272225735405,-0.004261479471651077,0.00032232792110716696,-0.0008556938279736504,0.0028627137382958657,0.011519095904461502,0.004837647181047094,-0.0033512658445545677,0.010567375426966154,0.0024801611735469605,0.00555526377137538,-0.014871524552866087,-0.04349901438115088,0.012575289727198588,-0.04290278392985514,0.048929371841737186,0.03798295467610545,0.057049055567511275,TFX,2019-01-18,2019
100,-0.0004646577477282483,1.120378648578203,0.01301184876593712,-0.01841576195505055,-0.012712532309875624,-0.002770632520716093,-0.010184372201998075,0.009218867601542755,-0.002668784572625621,0.013081280381518118,0.009389977504229935,0.06370727945242709,0.0030423028922691234,0.0028951688657462595,-0.016007433247694325,0.012454853293080085,0.00040478530235846504,-0.003660628339764084,0.012732818388302591,-0.008641540903851403,0.002570720531266217,0.001996777814481339,0.003530867513330406,0.0004655805831019228,-0.0004473287104365519,0.004117025717748286,0.006159440113174772,-0.019644390380793852,0.005188302704438532,0.00781901695399492,0.002804587781427505,-0.0050557017273623675,-0.026962361804074853,0.023363715383739173,0.08655205565781865,-0.013112264381948065,0.0894472245235649,0.00881956426202899,0.008741969800357472,0.006084275832213035,CE,2018-12-24,2018
100,0.0017261592970681354,0.3319966379066668,0.014755200935311057,0.0028742221661429658,-0.0186683187393386,0.001753323271093417,0.011921476054342203,-0.007398435124988306,-0.016501154226584405,-0.03852584699002843,-0.015086841977734087,-0.005680689281635858,-0.004949176808696812,-0.020049259816024435,0.008005499577913126,-0.019400260804009865,-0.003108058950797821,-0.0034002137479486744,0.02262959967582428,0.012578532925180016,0.01521539465826129,-0.019561081650920333,8.722890884689787e-05,0.0007601607650564624,-0.005073265746405822,-0.017878907697154833,0.007901627696679656,-0.02112905318160722,0.007602407398546035,0.0003384109392598582,-0.002943299269164449,-0.005213279179282303,-0.0007879244010746132,-0.00267843518350727,-0.0807437092846796,-0.012043760238111309,-0.10079296910070404,-0.015322694065043385,-0.006242458458619059,-0.04610417708233002,LW,2018-12-03,2018
100,-4.1114328360059195e-05,1.4345304232097287,0.022331034748962898,0.016244199697489525,0.019733451586472522,-0.01934387947915765,0.0002701903090097258,-0.031163894874937825,0.019301956729538727,0.0002066226674428068,-0.03290680369172952,0.023014308987297123,-0.026202453351327593,0.0005172762797959803,-0.018056065619334934,-0.02928903945174611,0.04249617444415086,-0.02284622773268686,-0.00532767191089876,-0.02332760698267079,-0.021951087871354788,-0.010513390379911284,-0.01586682443849694,-0.0069962373685597415,0.052211845295630166,0.005366226798702169,0.02695894941234152,0.003925536366383119,0.0017826761961198673,-0.0025617587688608456,-0.008892823684128246,-0.0033140132317434623,0.02504421994523443,0.04582592756810668,-0.016586368658778456,-0.01753878933953895,-0.016069092378982477,-0.03250555399071982,-0.11116070103171335,0.035186084866072026,FANG,2018-12-03,2018
100,0.00203986475867391,0.829770863776173,0.01060695206841818,-0.0029630618646223697,0.002375498908183244,-0.01215721260182428,0.0004743186280033976,-0.0032620520469493998,-0.0004277468531871378,-0.04696204720217945,-0.02446031993041578,-0.005615723709530464,0.013127781167809395,-0.019380168659139878,-0.017675840437619876,0.010722344371434503,-0.0018651380642884644,-0.01481105093921738,0.009753460355627653,0.005623239926905199,0.00025475656964385734,-0.0049344073630895255,-0.012723387195113688,0.013296033181847557,-0.011802837143590483,-0.0020405335735211973,0.0003182358941543357,-0.004477393260293713,-0.009636709667550845,0.0012247707318606763,0.004096744464354515,-0.0040469698612624954,-0.004444728251644918,-0.009472783225256777,-0.06433805652750343,-0.037056009096759754,-0.08371822518664332,-0.03325639337320344,-0.03174015825301004,-0.07202236214576094,JKHY,2018-11-13,2018
100,0.0012993942023405464,0.8345980361644157,0.015216221431085215,-0.002028454716771755,-0.02710247668719381,-0.0015991718154787782,-0.0011294048216485397,-0.030928569191055716,-0.0033616827332483418,-0.011182676360681655,-0.0016906779426197876,-0.0026344928997018542,0.014123406229197546,-0.00035533602365997105,0.014194403188337663,0.0031021335838467513,-0.02058807096042216,-0.0024191167627301766,-0.00523414754761316,-0.0017240195774962134,0.011767208487822148,-0.015832951757395654,-0.029919329826704907,-0.008210127392269884,0.04954403172531906,-0.008979207849335515,0.019720790637126076,0.010737663411648538,0.014486425942419084,0.0008497730791010621,-0.003226376416655738,-0.0008829067958767544,0.002979489727978561,-0.0044654976321999015,-0.004746123707054092,0.013839067164677692,-0.005101459730714063,-0.011300134522241052,-0.05521935458828556,0.025544831241238915,KEYS,2018-11-06,2018
100,0.0034677803860869265,1.1827103281800733,0.01899384181713685,0.01764787233398477,0.00208299848440546,-0.007549616042277702,-0.015098742763343678,-0.0008056504431554609,-0.018215407840766126,-0.03329176183696279,-0.03127078725900019,-0.015503335833776796,-0.0008340114108665725,-0.010156567985875244,0.01588741781834094,0.00603529751298467,0.002819120483177888,-0.015945088169205975,0.014289373508703178,-0.009301646292981497,0.022830460631888833,0.00860006209420708,-0.019324368521585387,-0.00032311992783356017,-0.01933620974604908,-0.004031893390411272,-0.0038326124831366028,0.023864645741899948,0.00231834015027357,-0.1386790113640298,0.0212666078226732,-0.01245171699850508,0.01247369880481241,0.00014525641957274175,-0.09911530418137246,0.005730849832465697,-0.10927187216724771,0.012929553168125458,0.015410941151820925,-0.10285195389107904,FTNT,2018-10-11,2018
100,0.0007499626759863153,0.9899579925634256,0.008596629867207,0.002253101261750628,0.008075813285497647,-0.029003573796779463,-0.0036891618020317932,-0.004217495942233555,-0.009819589869483945,0.012619227863796828,-0.0326711766035231,-0.02121075312911269,0.023101143506805748,-0.032250537619622606,0.006902404156752289,-0.012278019996980145,0.011443354517319135,0.00862507602576216,-0.006280501797534221,0.0037045915384414964,-0.010530370275877568,0.0005733534054757038,-0.00397127488445901,0.00813583179576446,-0.00019920911484412607,-0.0036326652873424226,-0.001857019254889413,0.006663548835990216,0.005447317168147416,-0.0053286876576818685,0.04541099972594695,-0.028664926573130876,0.020774324493883604,0.013283509333547262,-0.027981148231517164,-0.025348133462870317,-0.06023168585113977,-0.023838224714303385,-0.025926093134958313,0.025971098534668433,ROL,2018-10-01,2018
100,-0.0016018179893332756,1.3598027701293036,0.023682771408837514,0.0010043707931367551,-0.009919947832301445,-0.0003149359852729749,0.0012249018152620697,0.015549785770823697,-0.008136947432605134,0.022282760738470936,0.022655102808426156,0.08111191875389964,-0.021146669852513265,-0.0007019210908945622,-0.012758443720505929,-0.0067592571453207635,0.0051385523412104395,-0.02726341975412707,-0.05697348994115828,-0.010162019994484427,0.001922365125619887,0.0063363224297841875,-0.010187898916630736,0.003509211947745736,0.00265490050760097,0.005624025972065525,-0.013812576138427894,0.0021366731872205884,0.011213408431145187,0.001474152253463784,-0.011762943776584885,0.024496190796551808,0.004653252744080457,-0.033631308546366076,0.09676616501567833,-0.013460364811400491,0.09606424392478377,-0.09931797931079617,-0.1078999987187615,-0.11485422328801204,ANET,2018-08-28,2018
100,0.002479154819643452,0.875691853224349,0.011253307629361985,0.009637628650930633,0.011368439182583394,0.008896018162283494,-0.00742501640236994,0.0015832273757576208,-0.01761868928182426,-0.039670429790695516,-0.014831704547637234,0.007237785728671798,0.00662879888795589,-0.00022336733168788498,0.010622109339247999,-0.013140080965107404,0.004886204372964671,0.0025042857836691072,-0.006196495343468742,-0.0029096506190256863,-0.0005508890863629538,0.0038527317584431124,-0.016526848807241964,0.00646417858556712,-0.0016681804202123012,-0.002218775244477037,-0.0041882450425875465,-0.01636991526761871,-0.022050006377544146,0.006181768163641958,-0.00342651565594915,-0.017225507050822316,-0.010329118634628901,0.01402914208408074,-0.05825423900352932,0.010398742007560115,-0.05847760633521721,-0.0015473441443822527,-0.011217822313002626,-0.06848317575912004,CPRT,2018-07-02,2018
100,0.0020965351399502984,0.8138915938173764,0.008109874480509247,0.0077619487002678535,-0.003262273891910832,0.006460775087155417,-0.008730072360878957,0.0006537416459813546,-0.020539837673913378,-0.01284852817440499,-0.003037653879931049,-0.008318314466221447,-0.005717148441435429,0.017657447550092287,-0.0013948588994940419,0.0029472726592820065,0.002057579241210187,-0.006268638430456432,-0.00834290146973305,0.0005571996035186964,-0.010490154206652441,0.004482398207678396,0.0022510164183328477,0.002422952965988558,0.004525014046939458,-0.011754097743257082,-0.0030345164549324304,-0.0028339045996579673,-0.005259552371205173,0.005401831355462298,0.006854469429998971,-0.015023322685246707,-0.003380784070791425,-0.0007475854171506528,-0.050461482635906295,0.016262588650598247,-0.032804035085814004,0.006655900650900961,0.005879313639767018,-0.019373134870073694,BR,2018-06-18,2018
100,-0.0002876318455767119,0.3525060078835543,0.011184942046857332,0.006362387597437591,0.004766922944195052,0.013073300836498531,0.00761946942245877,0.029478360709927647,0.012427384767360172,0.010676393735743904,-0.003257417661371621,-0.032503790863634995,-0.021090821891342097,0.004659264049764469,-0.039517520593278024,-0.006368478272012838,-0.012629104990023567,0.004770456495502539,0.012773686166686683,0.00036916851572362354,-0.004999958491820488,0.016496568424615447,0.0038759632161898968,0.021166962451351034,0.0039371425641233524,0.0019776249713566044,0.004604012894787903,0.013755602164810764,0.004959990820886238,0.007851675614138697,0.0026140061282061092,0.007887241222577153,0.010893661089823866,-0.002551403913435162,-0.03374825191324464,-0.03485825654351356,-0.02908898786348017,-0.03631169714336074,0.0005970069726987728,0.0565265605299743,EVRG,2018-06-05,2018
100,0.0011690547782756057,1.0702180198910338,0.011865882383893403,0.014473857707925735,0.001944218072062716,0.012554921558249364,0.008226773456548358,-0.00042586205843200137,-0.012132354889634999,-0.020959919940519194,-0.023004771853290078,-0.0008925734730387547,-0.016161973070059166,-0.006705605581066191,-0.009784817782606042,0.00561818604439164,0.013018006629316292,-0.0025530929440275643,-0.0006210730875310724,-0.0029054298027086575,-0.009459419791094093,0.000767941889534789,-0.006237798905476918,4.189028030500159e-06,0.002114377018085516,0.005268809285282889,0.0015080713946096214,-0.00227197900040901,0.007105747138314195,-0.00966763147509828,0.0016426671144497834,0.005163163832381438,0.0016305111272152872,0.0051095952747164134,-0.07315159322654219,-0.016490423363672232,-0.07985719880760837,-0.001028396721522936,-0.018858914303237318,-0.0012555825936894638,MSCI,2018-04-04,2018
100,-0.0009169936808680959,1.6232553392168168,0.021215604533266763,-0.006475013781001413,-0.014320422760264524,0.003778011027958008,0.017206311011401566,-0.0007233718632779461,-0.004502445811632021,-0.008351858852581705,-0.028022873299928412,-0.0008389745452685362,-0.01674037034311272,-0.0022090354042872858,0.005569789908479269,-0.0009447707568175827,0.01968887631629731,0.008690062269350055,-0.009044469345196829,-0.021117880072015333,-0.0002751490968936473,-0.01800426850911733,0.01838188637504398,-0.02005776398838917,-0.006340896074456627,0.006891800613372783,-0.0045059917528561325,0.015182068872964069,-0.014369950990160215,-0.00059051027687986,0.0001265353945354153,-0.0010561033798554787,0.0008911318675174518,0.020979820288138915,-0.058456522852523396,0.003360754504191983,-0.06066555825681068,0.021750452987824936,-0.019322722303546563,-0.0021148177412262416,TTWO,2018-03-19,2018
100,0.012156269046765087,0.9410259377934391,0.03897076412024595,-0.030190144876980473,-0.05450761246621833,0.020500183086295025,0.05176380135040304,-0.029292313841231685,-0.060822666261715896,-0.005276047602929305,0.006247711856291101,-0.03563207683604369,-0.004099768681312427,0.02063269715757378,0.007090995115525843,-0.013128299270600701,-0.015674639619465525,-0.0019741865335038637,0.001009052997292148,-0.019583103631403816,-0.004634785562843238,-0.013192193265398538,-0.06399283947157064,-0.017997247111500216,0.001773344464716286,-0.02262601001411136,-0.06885590067626127,0.09150678526591097,-0.04427354977937557,-0.006650335907190494,-0.010494343927166309,-0.04116597716372567,-0.09227347493779403,-0.019571556024044832,-0.09958284752571023,0.02772369227309962,-0.07895015036813645,-0.002044380153178321,-0.12144454919589477,-0.33407556789493703,NKTR,2018-03-19,2018
100,0.0019395147499363609,1.3608361191783334,0.018784142324564008,0.04194802321495523,-0.03701923368406784,-0.013410177897810134,0.00638668316050945,0.00549881645760701,0.013203743987681623,0.009451952458961846,-0.0053864346014836275,-0.053564613818065224,0.01734812853313934,0.0041713920161840935,-0.003724568451697439,-0.0031575760516105167,0.02138342517512786,0.010001130831319408,-0.0030495014957932255,-0.017154943022846772,-0.013487950895346431,0.019632580344751238,0.01688418042505436,-0.005582196536382253,-0.013517108573633176,-0.008425886971408,0.00012587072547321637,-0.02390866257877076,-0.015438816335149631,0.01255697215191473,-0.008120570277053315,0.010915525465859856,-0.05070997681689915,0.009893015013273408,-0.018947223439766046,0.0004468235644866543,-0.014775831423581952,0.025624302023530183,0.025915972338760324,-0.0607136658576325,IPGP,2018-03-07,2018
100,0.0008782779108460715,1.1059922737697332,0.011407372082371404,-0.007756824984968808,0.00018234409461051699,0.0001217004874678411,-0.014225627534660076,0.00834233057707221,-0.0024060971553027674,0.0015777695757491531,0.00489348603977389,-0.010915883350356693,-0.043194187358186004,-0.0018987589237003336,0.008829925316171943,-0.003956580830013301,0.007033917382719953,0.010980500214529301,-0.007496130056282925,-0.0004889117680217572,0.025216563345803716,-0.04787718454314248,-0.002393862360997664,-0.0006076761305671538,0.01616171485622861,-0.023236123298442497,-0.019486162361321967,0.012844452004773424,0.011430444740466566,0.012729260911664313,0.006349984307352152,-0.0005758097941987797,-0.03148340847510831,0.016247880098237428,-0.05004491224832242,0.00693116639247161,-0.051943671172022754,0.013492873103424638,-0.0126581983535007,-0.011675965363849763,HII,2018-01-03,2018
100,0.0003581682371025423,2.019895324764062,0.013718333928221516,-0.000400240067198342,-0.001345961805753063,0.0009662019866142355,0.019707635105139273,0.030760624565717473,0.009146418760020432,0.004139279991833016,-0.00046941040232491207,-0.010101576476439904,0.004071684081122639,-0.0041718736410233,-0.0008318084795983067,-0.006991470342729365,-0.02149929791649859,-0.060156458914347184,-0.01882302193656809,0.007495711803782,0.013723250544232558,0.011458267555485575,-0.0005538812718992028,-0.003574550217187911,-0.009111572697123552,0.01492225475409333,-0.03176799463134005,0.012272713140933016,-0.0044212786128871254,0.0012464883317759826,0.0018318692061707012,0.00033412289494202767,0.030910804979940015,-0.02815749975790213,0.006786395954211271,-0.005003682120621607,0.0026145223131879714,-0.11247393123076485,-0.08392513281635183,-0.0958652252077496,NCLH,2017-10-13,2017
100,0.0011215070761276004,1.0454005430170572,0.01028809133128856,-0.018580928091537722,-0.0048969381314735135,-0.0036029943918857712,0.003237147907265387,-0.004520182374757953,-0.029004087766955136,-0.00622890925093507,-0.0045793295667856965,0.015135436240480884,0.003503191993667158,0.01059588641097039,-0.0012505106672769067,-0.01370474833625211,0.0038907028127377046,0.009843102810178646,-0.010697887220568235,-0.003542130010779838,0.009891863678966582,-0.00032661913488314046,0.0069916011763184035,0.0006467183483474422,0.00565123256816818,0.0023076220900221686,-0.0035358466088212734,0.0071558380776819445,0.00884587286573029,-0.0035465432374766964,0.00621819606930161,0.010978709891032194,0.0022558534436332347,-0.0036646571139917635,-0.021173698350527858,0.009345375743693483,-0.010577811939557468,-0.0013234541902105122,0.012337979867758937,0.045004257913038824,CDNS,2017-09-18,2017
100,0.0016321108710069514,-0.024083740899571177,0.008851121017426572,0.0031638791262150632,0.006480612421726704,0.009170622303171354,0.002670729545835031,0.01088998169897525,0.025193546863607485,8.753247709852472e-05,-0.003977498096889001,0.005297810179391467,0.0018323244491772913,-0.018993670088808073,-9.272376563919729e-05,-0.005932533100722221,-0.0006402689005265789,-0.009665707978513249,0.0031672896029488595,-0.0041523180053755935,-0.005561732363583334,-0.004209685316931527,0.006579333664057318,0.0019967314525539542,-0.03614141961825769,0.0029112140396341333,-0.00905742354869773,-0.01823566821539419,-0.009851799644075232,0.005062460375767448,0.0024606589549295487,0.003837280223163043,0.00047251109220465765,-0.009764590885667326,0.02843371587238577,-0.01908639385444727,0.009440045783577697,-0.032157614231260456,-0.03750528480053965,-0.10581206202693298,SBAC,2017-09-01,2017
100,0.0005847934147362179,1.5124585852727408,0.008846508531124654,-0.005835336704264051,-0.003243227227011886,-0.008333017342065468,0.0024506136879822,-0.006709916787212677,-0.003988653327874537,-0.016282904302049,-0.012993505621115321,-0.010662639201808256,-0.010076481488159775,-0.016031001850731877,-0.001706538530620614,0.008469279981008588,-0.013207452246307556,-0.0007428386755005964,0.011428007326640866,-0.0004066014220496317,0.008833205745095753,-0.010015943570287174,0.00031772103233756316,-0.006859630838912444,0.012357152991780496,9.861766895408663e-05,-0.007351903741130667,0.0040420315275954445,0.00606322491969353,0.00824451643014522,0.0005264231537170795,-0.0056858445808855695,-0.0031572708149845592,0.0007812387619406292,-0.054004183941006895,-0.01773754038135249,-0.07003518579173877,-0.011790543995511186,-0.019921793049327122,-0.004003606732501433,AOS,2017-07-26,2017
100,0.0011261919876470905,1.1357711622317648,0.01028967034177879,-0.004463985949843523,0.009805124870056435,-0.008188676413113148,-0.0034560046665255547,-0.013661500839194748,-0.00033064620999624823,-0.01729387696142215,-0.009802481792220007,-0.004220548420605198,-0.008210276921090439,0.0005769820438579871,0.015935706073133934,-0.006682719808381343,-0.002944314908033348,0.0012885697173550996,-5.106758955844559e-05,-5.146101178197908e-06,-0.01239574831277094,0.00011671001331973671,0.0034455349539152247,-0.004826831161973518,-0.0015645704741444472,-0.0008053541712133097,0.002386245069757006,0.0009059231872390969,0.016743359632561836,0.00870599152878587,-0.004299343683310196,-0.034596351097034676,0.00881956940773605,0.006198329403265564,-0.03985783030533405,0.01651268811699192,-0.039280848261476056,0.008123155528373883,-0.005542325080313812,-0.0030485262766710153,PKG,2017-07-26,2017
100,0.0007559943786718007,1.224484929870668,0.01001878499671043,-0.000941147011238987,-0.002790068884668193,-0.00038958208861189503,-0.0003043767078566278,-0.002776906243865022,-0.0003755168369826154,-0.0009525778978599227,-0.013593142512903339,0.0030117335650189847,0.0019982409017229915,-0.0013599102433040173,-0.0021433729524646477,-1.6686047603709083e-05,-0.0033587756805486145,0.0009062834621279777,-0.06765484426230521,0.01480103373077999,0.019015658819923422,-0.003303969366922845,-0.006494742679773018,-0.004081010336812526,-0.003348092117528942,-0.003143437777113064,0.0015098400747276617,-0.01153750939525879,0.0010892689611987898,0.019530665117837194,0.005332903373426801,0.002872039039707081,0.0021328295895508328,-0.005141468762395993,-0.0099112627810039,-0.003503283195768665,-0.011271173024307916,-0.07362730572409822,-0.053690335556903196,-0.044393297452751626,RMD,2017-07-26,2017
100,0.0006938158516528475,1.6000360291021907,0.01612156309425294,-0.0025257714509153723,0.0022779465735283414,-0.008780723169065073,-0.0024913591542527203,0.020089851832645285,-0.0019206003187335037,0.027815715689000275,0.00875002965529631,-0.00016711410060300845,0.0028396295684112467,-0.012886687078469718,-0.013409939137074599,-0.006061768608116506,-0.0058851152274302584,-0.0205249970655487,-0.014838096672247291,-0.010416449200632071,0.003547783672454509,-0.001127805487509878,-0.006603668521520766,-0.002015373983901409,-0.008980664976479848,-0.00011480200546834778,-0.003692417125052647,0.019280332918495666,-0.01218668262929775,-0.0013653555764201776,0.008779433793300722,0.010388143376194186,-0.0008930171022031481,-0.004058825841750784,0.03731766049337132,-0.026296626215544315,0.0244309734149016,-0.07360660378888707,-0.09022211730999669,-0.0830659724786788,MGM,2017-07-26,2017
100,-0.0019393192149307467,0.864129974665977,0.012574279119687726,-0.003701606473850198,-0.009177074799144288,-0.0037192658852230895,0.0027793529669504673,-0.003205711414881578,0.00977686398166944,0.018944214533473114,0.05647100983756632,-0.07503324008378437,0.0036095959912894535,0.02045046383034498,-0.01696173746970438,0.005833864515716943,-0.003815343365918418,-0.013962784754114672,0.01165856517535883,0.009719253544614849,-0.02250616736367626,-0.00842157638465896,-0.041845017106527424,-0.022349511830150947,0.009868426174797563,0.02498970186682182,0.024136341708370465,0.005827054332949246,0.028761985339327306,-0.003107358051319397,-0.032964179820482914,-0.008338747425775667,0.0026961895259013866,-0.001959939344331858,0.01376844426021396,0.0034887263606405983,0.03421890809055894,0.0032030279316832815,-0.08219999120871546,-0.032290516902457496,BKR,2017-07-07,2017
100,0.0005365553076894981,1.2017515352310397,0.009579830186848026,-0.0053224766506623136,-0.015723728443488866,0.003493922280387728,-0.018087922118971738,-0.0036999701533439477,0.017486215222532117,0.0031240887785728075,-0.00235347254449406,0.011173428628636435,-0.007480813412509838,-0.004072439980334578,-0.006928052763561197,-0.004095609883651768,-0.006104968988964044,0.0006519788104713351,-0.003518629824354723,-0.018463051874038027,-0.012494845103548438,-0.007831047461057226,-0.008824131796968289,-0.012079461598634648,0.0009749629152280108,0.003760412306359035,0.002864169089543723,0.005448326178133316,0.0045758008427159375,-0.017805972457999995,-0.0003679954076167176,-0.00019741496056078014,0.0022453536486469958,-0.0033329181692601803,0.021949446672737464,-0.011000492743895775,0.017877006692402886,-0.024067722630394976,-0.0837602604646416,-0.08559553647945226,HLT,2017-06-19,2017
100,0.0029505800995191012,0.9458157456546653,0.018222507097176852,-0.0076267351971805565,-0.0017305086733867957,-0.001006938967301009,0.014673942534520881,-0.021921765619872795,-0.03925583933258198,-0.00046697591716068736,-0.0025624979695630743,-0.002772235792240996,0.005354181234371836,0.019295316494155175,-0.014864168766088948,0.013997180409607474,-0.000714011024911502,0.020708294238659275,-0.015242694292407995,-0.010765723593567143,0.007987785146190711,-0.01884694360487582,0.005642637554644323,-0.012421003688857707,0.01501398591433016,-0.008632857147119914,0.005663555643772704,-0.0062656180029028955,-0.0021440852535096477,-0.003784573263624239,-0.006822307065622625,0.006408466969598368,0.009401986694201461,-0.004732941301478125,-0.0397033677771749,0.004431147728066227,-0.020408051283019722,0.023179917059013476,-0.005223331127452157,-0.0011177179398069066,ALGN,2017-06-19,2017
100,0.0006382207873455456,1.01323249540614,0.01788973318415367,0.00956454796014962,-0.013054926355378011,0.0011346374266150748,0.00332525106359536,-0.005858554495007596,-0.010994534104650172,-0.002227537121567211,-0.005363812753530374,0.009877424717207815,-0.0035022559989071776,0.007325816867023917,0.008696841641375382,-0.0033364099142190696,-0.003972699837243736,-4.444201481287316e-06,-0.0011148939369198022,0.003539978882303344,0.008054035537933775,-0.0009452905693627901,0.015391469581025026,-0.00035660432896476336,-0.0009279793610115087,-0.004128996513823605,-0.008644018984586124,0.005667007258595815,-0.00014506670910132097,0.002178970642876386,-0.0005528963186815371,-0.0015798670551043902,-0.007164152679851605,-0.0058223516403701926,-0.012210715261447121,0.016022658508399297,-0.0048848983944232045,0.0075942106185354005,0.03327779972146999,0.01215844836041191,IT,2017-04-05,2017
100,0.0015142803326348975,1.571814177829577,0.0170105167808093,-0.007994738367939406,0.007744994443032011,0.02134567002413009,0.008696492700605123,0.005245885403344934,0.0020064748702091992,0.048276827979961856,-0.02794715504184238,-0.0285047381167862,-0.014410295478812628,0.018721181870251312,0.037153151740472526,0.03492298088687177,0.015595453510540487,-0.018002297843168,-0.005031062005565678,0.029007348825635947,0.014212971014327096,-0.008611016164419852,-0.01807477734878565,-0.0006730103580111022,-0.010163864777402467,0.014198271826017236,-0.026749956598370907,-0.005262467393174671,-0.0006192544102115632,-0.00580380442832977,-0.005646123904477761,0.009736765011514846,0.004180883653839606,0.004245350377392476,-0.020578885787270157,0.05587433361072384,-0.001857703917018845,0.08335940815940242,0.09922092412814884,0.07733672348494589,DXC,2017-04-04,2017
100,0.005179520922534176,2.040922353761307,0.036733063567314754,0.002287240184350222,0.0015417218122292203,0.012430423626520441,0.0014748811805981674,0.030751122622419053,0.020324290357426732,-0.010956624838791933,-0.030747687033005476,-0.0257450386851919,-0.01428618259454279,0.06420617041792086,-0.020808775657255217,0.011025035951251892,-0.02524558028434214,-0.010004133741765424,-0.0030975605473403476,-0.020656025488541358,-0.005933495581250475,0.013335834571666781,0.03439665038302746,0.004341209829191262,-0.03965759814282661,0.001770737745441493,-0.07473488174378208,0.015173507757041672,-0.038140398417895814,-0.002250984513879057,-0.02378825351950873,-0.027126974027863973,0.015568216856579983,0.013186831530183827,-0.06141124279410537,0.04339739476066564,0.002794927623815488,0.016075156138469625,0.04155932985256328,-0.118440466623946,AMD,2017-03-20,2017
100,0.0019428547904221706,1.5076917356903836,0.013392253046899748,-0.004793977056719139,-0.0036256479791474837,0.0012509152206356955,0.0038185561230336526,-0.005853410650710835,-0.005400255949460924,-0.007519705826576307,-0.027641197584133886,0.0095367394031541,-8.809600890841883e-05,-0.00212391776978676,-0.03248196309880276,0.000608143955457198,0.006896782739262786,-0.002943490400010902,-0.012800657493472837,0.005300785666547006,-0.005844518975207597,0.011807528128251771,0.003692704510490535,0.0005349993492807369,-0.007254633383960352,-0.016076723338516015,0.01020298303234724,0.0016811418017682895,-0.009064788938631278,-0.007906928459885021,-0.009595940356509056,-0.007209220169317425,0.00016048019410176521,-0.0064154626533412295,-0.031112515965925434,-0.03460588086858952,-0.033236433735712195,-0.04284510206735327,-0.027353603387990817,-0.0788326956599339,RJF,2017-03-20,2017
100,-0.0003984460104810693,0.936108973283273,0.01152898245820099,0.0027907687691159856,0.00014663095417665568,-0.010086933279382797,-0.017700904355571055,-0.04661677479657033,0.0026253692421216064,-0.004809973921582225,0.012995710770020683,-0.0029803368098404205,0.005263890800050558,-0.000442686796538624,0.018702607200618553,0.004754846223806202,0.007746051957916282,-0.005345115921414973,-0.007214347625949121,-0.004012989729956305,-0.0007991916118198992,-0.002345112382962524,0.008865422404228843,0.00401618405756831,0.004289449987561116,0.0007419189949490167,0.00952895554145256,-0.0033835078548538284,0.00955734852825731,0.009339034825330479,0.0039248035410885725,0.006006848858551721,0.005755445622888563,0.005464015370796285,0.0130946600807702,0.018259920404079928,0.012651973284231576,0.018201355038438317,0.02392566777549674,0.07514998119151854,ARE,2017-03-20,2017
100,0.00023962656429272791,1.1096104589696092,0.009108194182618502,-0.01089145336337206,-0.0005170296954682914,-0.0005469633136196252,0.007651294175606858,0.006089155152585734,-0.000566371599140877,0.0022837841802985006,0.002966674429919371,-0.015105261830076815,-0.016727234935119066,0.008800449143979846,0.00657556856205695,0.007320142548607396,0.000809222023309646,0.00415883114110201,0.0030458763235586906,-0.00028607352437120474,0.003839446325317653,0.00011599472379077852,0.0025786694316493677,-0.0040454842133122604,0.0011569039346625756,0.0025539860198429236,-0.003911959353879684,-0.004235220142461539,-0.003919300557976874,0.002359256721058473,-0.0026831396109361872,0.002753404829029219,-0.002660383450156771,0.006784122047247278,-0.027148409754118887,0.015376017706036796,-0.01834796061013904,0.03071008974261454,0.03291264248568888,0.03111031292211829,SNPS,2017-03-16,2017
100,-0.0018552684308417366,0.7579756988623559,0.012394302212058752,-0.014548796727196908,0.006546077400630084,0.003886977169760844,0.008122234726195093,0.002818765626745373,0.01487478600842036,0.004101431443918599,0.008222276160635655,-0.01519589031735249,-0.03654883955094265,0.016925915135119044,-0.018838342160242508,-0.012178581980527344,-0.009684813086713696,-0.010818033458815502,-0.027406388729504655,-0.006513748980364467,0.01963034748680287,0.02199908516022484,0.024710883395660854,-0.001263286717883482,0.009299385905972207,0.0012855743381336967,0.010269854310610017,-0.005138400395137242,0.016731554650287417,0.0001140752659333972,-0.007254822656740668,-0.0010663247822073163,-0.0012210117861919125,8.485894638349262e-05,-0.024546236255320528,-0.0019124270251234636,-0.0076203211202014835,-0.06200024428068466,-0.003436963936244043,0.019667779860799043,REG,2017-03-02,2017
100,0.0010174512443590134,0.708573046421028,0.01168672245238125,0.0027011968091328964,0.0022134109036919657,0.0025848903809683062,0.004488176108100676,-0.010244385582322046,-0.0002502181656955508,-0.004797168781068432,-0.009076247655148575,-0.011066939026706133,-0.010779606199096674,0.008455934865887917,-0.010182252598092158,-0.001119077959920374,-0.0022751544325691447,0.0007931166555697537,0.005975572519414916,0.0008368982314418539,0.00994390305577035,0.006478524449301706,0.0029994298335009055,-0.008420972090819124,0.0025006994304783555,0.0014053494030457513,-0.0003370871145022711,-0.0030353771606381284,-0.001225800154526878,0.001238149900035982,-0.005567055215497678,-0.0035730544728833596,-0.006642480209734432,-0.0009017552380308824,-0.035970179827715366,-0.0017263177322042415,-0.02751424496182745,0.0016481390502909093,0.013485922529486603,-0.0026524883027669384,CBOE,2017-03-01,2017
100,0.00311318946432273,1.6271059230701965,0.02393005348315897,-0.01615594006908167,0.008132622253095918,-0.030704021319865358,-0.008010523645879442,-0.003265966307988016,0.002476385918003164,-0.009557565912763164,0.0010549771060964891,0.06764680599366213,0.016421216909841253,-0.00580078331928424,-0.02431012357070457,0.0032918562459080397,0.02654669769880979,-0.016424173088620785,-0.005760383328329208,0.01998544401983951,0.010329563731981361,0.0697341631839957,0.008213068780719836,0.001930616689633253,-0.005484751361573595,-0.028496602119106068,-0.004212093792597286,0.003938056842086089,-0.036674331980299964,-0.002284735224655599,-0.0178727401310021,0.0030702476076526837,0.00033535089009065384,-0.017804736206174038,0.07804182001483986,-0.03011090688998881,0.07224103669555562,-0.022456909362220976,0.08773594704394867,-0.01775038843163054,INCY,2017-02-28,2017
100,0.0017880220945928574,1.2487528538249408,0.016880378723168294,-0.011628950904489024,0.01103397325902439,-0.003398296600745106,0.0032616128405194783,-0.005677515569750432,-0.00815144020448959,0.0013769401852753809,-0.0028674617645593386,-0.009530858552533,-0.023043345744315193,-0.0007390153244713918,0.014313406427473441,0.008211861581267597,0.012311427022003515,-0.001925705854714601,-0.003077722530748705,-0.0027704698852815046,-0.0046380557558894425,-0.013280848874033777,0.01426679689919427,-0.017692351137513083,-0.008059966945713162,-0.003440209733504454,0.01232290963113363,-0.015723806924948847,0.016288290021546845,-0.0038414936774448863,0.014396317675475324,0.0016741657551543796,0.12192042100521974,0.010163350982126567,-0.04221616608062174,0.01357439110300205,-0.04295518140509313,0.02909425132080986,0.00497932256728632,0.15067930035633145,IDXX,2017-01-05,2017
100,-0.0006739643206910539,0.4169363091744591,0.01287462386634876,-0.01500166237078529,-0.005491075826631049,-0.0029869138566845908,0.020675265675422664,7.717423271954996e-06,0.006392146281626358,0.010924104463912518,0.016778192687124646,-0.021730929956170552,-0.028103976108635433,0.005333683612380627,-0.0069088744678725,-0.005030694573526338,0.0009681064996668407,0.03433875215190321,0.010074041858696564,0.017426495932507804,0.007094856469509785,-0.005700010536397708,0.007051241241957128,0.014414046626795636,0.001710863263198554,0.004717985716601315,-0.030635177929476953,0.012625898256937,0.0016189531087886016,0.008077169138775405,-0.0004055278973669179,0.00807005635664792,0.016287253629174582,-0.008995965415511129,-0.015740462632142467,-0.0015751908554918733,-0.01040677901976184,0.03877501508124841,0.07906164481562103,0.09213315304338941,MAA,2016-12-02,2016
100,-0.0020058675773095597,1.124922567027453,0.019547429954217554,0.020458855813345604,-0.007827276615820338,-0.002509712410194206,-0.041729435808352366,0.01287735884914954,0.004733960768414768,-0.012510785537414231,0.03831359799857113,0.015917407616241067,0.0005210968630049162,0.03294364777478777,0.021455438471393938,-0.002521738381389406,-0.04833947463819155,0.014213751900473692,0.016065765175592023,-0.0240082301935354,-0.022097643860099294,-0.027317637223205737,-0.0044774592744195214,0.0038250270490781946,-0.008601120939115933,-0.004992554115523427,0.012880711303081072,-0.006310051851334229,0.006431333705003966,0.0061909335400528965,-0.006500801600654896,-0.00231824377222161,-0.008753427215261697,-0.00718462765723955,0.04697527770881765,0.054399086246181706,0.07991892548360542,0.033817390302666464,-0.040258553199515296,-0.05941640180272871,EVHC,2016-12-02,2016
100,-0.0011776817617128925,1.1767614918014846,0.015978167295363124,0.011771402956474268,-0.017769999126918515,0.0037356232308043925,-0.021612015978165318,-0.011490411932422433,-0.00648366577731662,0.01899335020775725,-0.01148546295086067,0.010616458809207604,-0.019361095703869218,0.009872471892465474,0.017285926034690046,0.014978513471428399,0.04178001221898257,-0.013027104136984541,-0.042546781346141004,-0.034326710783501635,0.018096111295034443,0.017528876149871225,0.009526155735558074,-0.005039796316517738,0.006897986731260153,-0.004340671291095057,0.0037095546084181807,-0.004447179335566196,-0.015110029740208596,-0.014888028866830013,0.020915988917590132,-0.004591672192308848,-0.004503161293069945,0.012732472566790092,-0.007720415415081653,0.02715839792715552,0.002152056477383821,0.02834303813444094,0.034127674214885315,0.030502934319865234,COTY,2016-09-30,2016
100,0.0012536804821545499,0.7343701954551212,0.009038285945902915,-0.009318160582611486,0.0066981230755881385,-0.001672788113415969,0.004726377904415189,-0.0023299246014011794,0.01464055863697743,-0.005824728899400502,-0.0014524132363253955,-0.012463567221782969,-0.010462063556327977,-0.015075807181020064,-0.01634670911440486,-0.010401032426503582,-0.00535376207435079,-0.0018850851521700486,-0.010380415797580658,0.011044289153007404,-0.007314625137746254,-0.002512096461719032,-0.002763988473513115,0.0069355941724983695,0.013320726380465364,0.0014347430569120658,-0.005109213063312466,-0.003989815429976645,-0.0028303464867063233,-0.0070170416671928755,0.005195045239242262,0.0072717685835334556,-0.012315011682069592,0.0026584559368534474,-0.015562214276859415,-0.031422516295424925,-0.03063802145787948,-0.05944281174603,-0.05405363849350263,-0.05543432762575394,COO,2016-09-22,2016
100,0.0019982295405676486,0.6131848145464294,0.019457103594130776,-0.0007607289707415566,0.00014950435713349526,-0.005562227329932339,0.0002888560846675374,0.013837049219496769,0.00405856601293192,0.04217634660567284,0.0064188544041725824,0.00671685590477072,0.008558229484254325,-0.03322405794549668,-0.0038173613413859404,0.008527026797851566,-0.009082683127344926,0.004832558473483399,-0.009742113097365241,-0.0009208035130513557,-0.01336974172992048,0.003998621123117502,0.027388732695145464,0.002958456852843519,-0.0008221087999211339,-0.00492924961924869,-0.0001834380539594638,-0.0009980094668426542,-0.013542833886605436,-0.01373068022676685,-0.006722569007138232,-0.0017527559977224558,-0.005862137097662304,0.0017795255259620718,0.06792885241180238,-0.03704141928688262,0.0347047944663057,-0.04250663024025782,-0.02245136481212317,-0.06921562144202831,CHTR,2016-09-08,2016
100,0.0007994162223973844,1.2759305617212355,0.008919594102987975,0.0017562302615854904,0.001301880093945362,-0.012927452446567508,0.006092457511055669,0.012095040080791384,-0.010828744082052215,-0.007511620634610874,-0.0008854522483367593,0.003338599355995304,-0.014011870165880666,0.003487616207816937,0.004291193801888846,-0.008486989959466285,-0.0038503917426319888,-0.0021527835494825134,0.015987384841982387,0.0016974587272782097,-0.004267990268986421,0.005800405504833701,0.00042428781080523586,0.0003667437442780746,-0.009205351214352987,0.010830670837843108,-0.0007816136561567778,0.014141933786662762,0.0013709326406868352,-0.0067428881375511274,-0.006009967794274065,0.0193004986167754,0.0010546673577121815,-0.0016968821757223024,-0.02989908777488521,0.007778810009705783,-0.026411471567068273,0.009276029600107382,0.013296935118316183,0.035558935379939205,MTD,2016-09-06,2016
100,0.001761921708588793,0.33035114522682707,0.010313454389476175,0.0016318041835092511,-0.004189053604074559,0.0014489883568308756,-0.011770801179249018,-0.0020153140040787146,0.02261793050605053,0.018677784729859984,-0.008584650595133239,-0.007090171481796114,-0.009231164740589637,0.01482549186832794,0.012322106030281256,-0.005730147492504922,-0.02454308112868692,0.010650690757115722,-0.005107983069921692,-0.032141441902760276,0.007554644889519893,-0.012855837419046418,0.0003227942641821713,0.0015037205795383848,-0.000277170633230215,-0.00468548170179103,0.003974623736762882,0.012221851542211956,0.000472404580507433,-0.009571108181294405,-0.010098077149808614,0.010552759240856155,0.004930344515623834,-0.0008449263826481514,0.016389728418391522,0.027147597898609196,0.031215220286719463,0.0024170769646113827,-0.03319904262395486,-0.026523823056765015,LNT,2016-07-01,2016
100,0.0038308920680195976,1.2069824169164307,0.01738012342781033,0.03463427483772075,-0.008287686980752948,0.00022182252955140098,-0.005430374210015116,-0.006975251798593552,-0.026050890742135985,-0.02897240131945495,0.013318047097687129,-0.013670278400548217,-0.017695275547207047,0.018847380715347632,-0.01315396913983955,0.0016690305624778318,0.0028942099738636746,0.00530975891684405,-0.007339948101112795,0.00657226529670304,-0.00012869831085220683,-0.004450795954317439,0.0008870895478034439,-0.008324959774007146,-0.005467255565606816,-0.0008596943195676408,-0.02696790959866354,-0.0005716919431741803,0.013710789847529247,-0.012140577170879423,-0.010602404314103493,-0.0023549469060536584,-0.01690406429601663,-0.005390767454552333,-0.07307079891165907,0.005693411575508083,-0.05422341819631144,0.008226462927580846,0.002781363732910538,-0.06476715798817793,ALB,2016-07-01,2016
100,-0.0001788734160767748,1.0134487352085089,0.018218447985773982,0.00273204815468523,0.0027781478024411776,-0.002318049105868771,0.009889397975715876,-0.0028677074849358403,-0.003094819073236058,0.0005033388477266735,0.03034320313950187,0.008658528019514042,-0.0036196247548319553,-0.0023729463757612107,-0.0012985508822017824,0.004023735961407104,-0.009527279544847826,0.006627404081251247,-0.009936612657851587,-0.0002953804977526425,0.0040877709784311305,0.0031250307685099753,-0.003800312981794776,0.003562835961097982,0.00202690858117643,0.0022793687718396087,-0.0014626957103036065,-7.372719186626159e-05,0.007803905067834956,-0.004041890840762841,0.003036334974446879,-0.0023822494923947703,-0.002839030384229684,-0.005479550303893987,0.03279062617867457,-0.003671497257962993,0.03041767980291336,-0.012484249418004056,-0.005804305189512387,-0.0069369317176656625,TDG,2016-06-03,2016
100,0.0006720308707342195,0.8396651245480792,0.00932943341612507,-0.002934652853477943,0.0026165086233587917,0.007176144793430528,0.0034965957964090575,-0.0023570489198232957,-0.0026936647146277434,-0.0010084578585773732,-0.006300733919013919,-0.003199289598856798,-0.0003139571402258432,0.002865625774538498,-0.0026680680597230316,0.004240212459210923,-0.00633901484294691,-0.0056102403552456635,-0.0005000910465964409,-0.0026117154269014904,0.009911882910245126,0.0002201119767190566,-0.0034535590770299355,-0.01547911479429422,-0.00878680503136121,0.0022952275407601406,0.0016383925658551568,-0.0010372388680738413,-0.0031603374150713176,0.0009300413713732446,0.004289710414129826,-0.017538586027854196,-0.014195265646250513,0.011850552943206659,-0.013516103231301677,0.00019755771481546648,-0.01065047745676318,-0.008011576070762624,-0.019423970482024086,-0.04313827863531015,AJG,2016-05-31,2016
100,0.000999605809918671,1.2324618268388507,0.013802304153326034,0.00114355704767679,-0.004401550331171369,-0.0022747035789066217,0.01232527388472986,-0.011946321750873899,-0.00040124313529633394,-0.005681257621385922,-0.007174134366612912,-0.013129344235924531,-0.009668376898922748,0.016734637089963384,-0.006525102119567434,0.010990318524389137,-0.00652683195873199,0.0073793506811895265,-0.003381887654686705,-0.013955398988754725,0.007686216020669803,-0.0022527838719162965,-0.020164454457801094,0.01419344766282024,-0.00024235884959974193,-0.0018962806884733918,-0.016576997101153207,0.006246445334933952,0.0005971089427471799,0.011184478529359389,-0.0023919280290202586,0.004865727675959284,0.0013328357192625463,-0.00799287400366766,-0.03605435625814245,0.01020953497039595,-0.019319719168179064,0.018670484562555916,0.004177510927573845,-0.0006963315420780627,LKQ,2016-05-23,2016
100,0.0022174212803354526,0.5621633822596805,0.012949297217993889,0.024475245963752532,-0.001973277184399785,0.003951526199647603,0.007934758086133888,-0.004160113365167851,-0.0034600700019606044,0.015568270946332438,-0.0002868032821776471,0.02235408199412811,-0.016311552628719504,-0.021913281089362757,-0.009472198058090707,0.005779845737864624,0.003956984120602896,-0.010387435372941779,0.0034924114580343214,-0.00504830675623625,-0.006099939949533445,0.006658413494097588,-0.001389041043536804,0.012179014913406722,0.012818732548742896,0.007453652435589519,0.02075432995439789,0.0012019252003241656,0.0010857051226525285,-0.0021046234743236194,-0.009537055708884128,-8.915007186672229e-06,-0.0013810814603778029,0.009191820160527506,0.017863927027602793,-0.03138547914745346,-0.004049354061759963,-0.0285436732038934,-0.02224353254569559,0.017230957225766685,DLR,2016-05-18,2016
100,0.0005147199519499639,1.3377852205209229,0.01696602367885239,-0.015909886547435324,-0.00950308829456605,0.009440347342801483,-0.011329487341064043,0.0003839533926022169,-0.013908829341063845,0.0027016168223406474,-0.009437547729068237,-0.012931893402578101,-0.030777582758293537,0.021343891660734797,-0.012802376545280469,-0.0010719184682734199,0.014075299277504111,-0.011175428716592547,-0.007085680358889597,0.004269838916214744,0.004452499805620968,-0.009214972467933367,-0.011807837161565396,0.003991157425609875,-0.005474471209829193,-0.008680920934731686,-0.004591468409901438,-0.00974154219076134,-0.005054767274640148,0.014790933724471551,-0.0040307313745424084,0.018366157580271308,0.0031867399836343017,-0.02970759474545374,-0.06435423640866307,0.008541515115454328,-0.043010344747928274,0.0032837868492028733,-0.005025526632850305,-0.03596319148433309,ALK,2016-05-13,2016
100,0.0006519705481311751,1.2706428649098147,0.015576144675649531,0.0003011275985175211,-0.009238389051844327,-0.001713020271910913,0.0009682966225538904,-0.010648180238056958,0.011027336284024568,-0.00982789291164443,-0.022408722754763282,-0.003913396333186389,-0.005220830952911266,-0.0014357617729053394,0.0064186902449167044,0.006933882894559758,0.0016949237542472463,0.011742541307790493,-0.002248744711873297,0.009850588302270206,3.956781275722861e-05,-0.008696772819861582,0.003719087470322492,-0.004264003782475869,0.0021114382676298052,-0.005927733896174368,0.011612500148065974,0.0023990575367264953,0.0027482665989052614,-0.010967976592279,-0.0030071057306471282,-0.0018632334727442367,0.01161130852172492,-0.017263632944007564,-0.030343506668480798,0.004982928472011365,-0.031779268441386135,0.023105531716735565,0.023753998699748043,0.015206887136948202,AYI,2016-05-03,2016
100,-0.0009629218484213465,1.1133772362767862,0.017490675345488847,0.005263387453730608,-0.016405096071290846,0.042330462722941706,-0.004263302328389348,0.007225151317064334,0.009823731733046633,-0.0066350024349491376,-0.007748079419418142,-0.016265451161709302,-0.012373114455111526,0.0029822425858503426,-0.002485547532860389,0.02021838538838177,-0.01500750999292284,-0.002075877327338798,0.007152934467633649,0.007931229013718104,0.001689758593182951,-0.003186413463475076,0.005011120927981361,0.002591739152678934,0.0042538820088626125,0.00869393186926117,0.005193232032745739,0.008693604768775775,-0.008411148006834207,0.008797472889744463,0.002486153028825349,0.004019770110212178,0.004338126593877196,0.0026204509498989476,-0.03319791573814147,0.0004966950529899537,-0.03021567315229113,0.010784627588743736,0.02482206181283001,0.06550753805819924,GPN,2016-04-25,2016
100,0.001200649318380441,1.313913192287863,0.023807648169798325,-0.002452209650873234,0.015453337845441548,-0.010197578755783185,0.011800165500661416,0.027530715054414314,0.010302693011013872,-0.004771724899701818,0.0025931356473817297,-0.009900621916775388,-0.00776562495640964,0.00410287471490739,-0.019215071238036566,-0.0003402005767154106,0.012661273339170297,-0.0035492525548170215,0.010776387318539847,-6.869628965144349e-07,0.01750724323337425,-0.015381508785161535,0.011681520314849744,0.00022454416545772404,0.006398087476244162,0.006908939764161649,-0.018956145466965856,0.00654160104666414,-0.003245040758043775,-0.01841340942353439,-0.0149457138876463,0.021349110035050897,-0.000822221572589198,0.00016785149806134055,-0.009542143114491246,-0.015112196523129177,-0.005439268399583856,0.0044360110030485355,0.018467122968672204,0.0034501816800748715,ULTA,2016-04-18,2016
100,0.0006001210074438034,1.204066812071436,0.023946537388013785,-0.023183057145693516,-0.015900888516406298,-0.04125902210963252,0.03525631051352416,-0.011398418781018712,0.041016602576362936,0.0448172623380428,0.016619735309590898,-0.022977477937748843,-0.0078091766067759924,-0.00806574707675801,-0.012493209617304256,-0.004632117448786633,-0.0032254847254139154,-0.000780204280449906,0.00041071601477470424,0.021363222913368986,-0.020560680800368013,-0.02173075371209541,-0.019100908371817264,-0.0008382166254827812,-0.009384881156083562,-0.009770153180498963,0.0049408749638523795,-0.00835756673575892,0.007738694009197897,0.01898146445948164,0.029462536681710432,0.009730075898185949,0.05659188169569347,-0.02088912638011543,0.0716669456794718,-0.020558956694062266,0.06360119860271378,-0.02878604713393802,-0.0696533837303325,0.00939041652533239,CNC,2016-03-30,2016
100,0.0016009725398990029,0.6109538863207856,0.011495061140367531,-0.003367582376076964,0.0013942783682699819,-0.020501428384155737,0.016132145967404518,-0.005101496160540735,0.002216289844563829,0.021436373211667675,0.010664441908060705,0.006169046753307903,-0.05328391945172613,0.02845588711106376,-0.007613027823807835,0.006282658327273544,-0.003934883667274366,0.008710677234009576,-0.0002807250089945472,0.016393234527926702,0.0035848348349922466,0.013461470992526287,-0.01219191014509604,-0.012573949841711828,0.0005375356378763243,-0.005187413712907611,-0.005141185228650267,0.010404902407946564,0.008643026197143806,-0.00032368718838460264,0.006939774235976152,-0.00935714211148508,0.005040964549723959,-0.004751157743745491,-0.012797767734126012,0.020842859287255926,0.01565811937693775,0.031620586172270135,0.0402942665409075,0.047099883584401245,UDR,2016-03-07,2016
100,0.002687436016215447,0.43778730484469347,0.01042869496880115,-0.0032843330731063243,-0.0013963854970198602,0.008816738304319584,-0.004326448852865685,0.012559797489587625,-0.050650735895969745,0.0010367001994462622,-0.00563625188549343,0.04715390037150634,-0.016802586485327432,-0.004574192840547144,-0.010914675363564531,0.01744103006648231,-0.0002237877936348085,-0.009475083782049407,-0.011567184307238155,-0.003751635695092511,0.006756414297080023,-0.0006228872509461197,0.00984504987541656,-0.03302331840021876,-0.00990576098221217,-0.0014157133577532687,-0.0007701923030413528,-0.001338046501668161,-0.010198077220722593,0.016729847294850265,-0.006189295526633742,0.0028592978840146213,0.0027851007419005145,0.000444356533577994,-0.02489897369583801,-0.015488868204111675,-0.029473166536385154,-0.019313894020551736,-0.04011027119431254,-0.047108754632000434,AWK,2016-03-04,2016
100,-3.3972904889693056e-05,1.10719468048794,0.013041574211235935,-0.0014432640691262391,-0.004595235564578317,-0.0156921573268824,-0.018281890636556,-0.048322421168071734,-0.03132934507703594,0.009434364692613864,0.0564723431072416,0.01861101251111128,-0.049843473293281655,-0.021840959561742757,-0.0020068962591200737,-0.013427471792374523,0.007282252024058927,0.0017252622144849905,-0.01747679669052451,0.018834016956845123,-0.03568902302009324,-0.025185796520367558,0.019145476738389327,0.006472819583824278,-0.0031964033384734216,-0.02265359058798726,0.006842387733765767,0.012835570387844521,-0.008046665155512549,-0.024157191794389972,-0.0030310502812076166,0.030885614964564875,-0.017113402260809638,0.026587398536750465,0.003344901940649146,-0.02384785582086283,-0.01849605762109361,-0.04574461006521795,-0.062167116326619996,-0.06321444812207484,CFG,2016-02-01,2016
100,0.000994811634134503,0.7613922122801144,0.009479577970813136,0.01352062552834049,0.009445026521869286,-0.011301022990313188,-0.0034982434849141954,0.014595725445383963,0.0014457762096165543,-0.0030607403389789085,-0.006492451920803724,-0.00695022784998012,0.0004732336943507817,0.006938370264984342,0.00302771152418912,0.007963281449154026,-0.007751789272719532,0.008046738557927209,-0.013434921804856337,-0.003686534231914292,-0.0013282170235229842,-0.004468398363961318,-0.015229366636957582,0.01389929439989997,-0.018287699120746598,0.001485771719267159,-0.00863767468267762,-0.00703218199591547,0.007123799356196924,-0.009263972132130517,0.015589541838645117,-0.012886506262172085,0.00265071302128556,0.002758174337614966,-0.014584410205795418,0.00996608178917346,-0.007646039940811076,0.004789390718678826,-0.00602383113777738,-0.032523865058409936,FRT,2016-02-01,2016
100,0.002333826002678612,0.6801074773786935,0.01152015357947158,0.0037241779616607688,0.02525408918130893,0.014906963440616228,0.0032800801448558767,0.00207919829773775,0.007046676956712975,-0.010929253451908098,0.0041978038123264595,-0.039958852129131285,-0.0012202124072426025,0.02561069234463563,-0.0364513274736483,-0.007391409601395984,0.014580270477361056,0.01124377870506357,0.020240589004429536,-0.014101883711264232,0.0006550025417698157,-0.003970463754428133,-0.015352567911098954,0.028365198613500398,-0.03625861007129147,-0.02928132586566363,-0.041979990194741516,-0.033736233836417114,0.009024434677235476,0.0050838979316303965,0.018775578117082532,-0.009194745287987315,0.005872578673052223,0.009776654319816546,-0.040863837219242555,-0.01084063512901267,-0.015253144874606925,0.02783259345644551,0.023427879234924398,-0.07848988230235944,EXR,2016-01-19,2016
100,0.00035602725245350447,0.6460100151612205,0.00718065762892987,-0.0017523403647695683,-0.0008892183164923764,0.0023310976300656323,0.005920105408390604,-0.012738296831072561,0.005513640411668443,0.008136286229651488,0.008751663634448183,-0.0034783656292598684,-0.011637206725768106,0.003534457384603708,0.0026995804585809684,-0.00886614391799656,-0.0066656070099967435,-0.010193124162823261,0.003451619747344024,-0.0011317153891489996,0.01869840450407346,0.005894193667339459,0.007968449564169072,-0.046612990750686895,-0.016406932958285655,0.022657923955273253,-0.0003192545525990128,0.001654401195727545,0.0050462196320645025,0.009881577159684246,-0.010358887305891237,0.0013369682798632723,0.009187429449026634,0.009407418088029501,0.007286017920740143,0.006234037843184676,0.01082047530534385,-0.016039217500287868,-0.031222875904541772,0.0008639870383512719,CHD,2015-12-29,2015
100,-0.003370821985756646,1.006251936996614,0.024468888547802336,-0.02295991450222987,0.010739650061465086,0.00537977408189815,-0.006657124427468525,0.017459095196515485,0.020254665655042626,0.07865096840046414,0.015053158156213449,0.02433653068954067,0.004099198302917956,-0.010689970669400169,0.0028189156801080454,0.0062189151429478725,0.011660107583138325,0.02687958878147741,0.03064280578585995,-0.0009344758668496812,0.011587068396228115,-0.016995710631864773,-0.024007795541108955,0.009501995640237331,-0.005011629975945396,0.04150444736139096,-0.00484120848301932,0.02213222017191253,-0.020707555881474715,-0.002318759261883915,0.05715187032121024,-0.007700076600179564,-0.012183076970649631,0.02524023995747799,0.14239452120417884,-0.007871054989292123,0.13170455053477867,0.06753036230413142,0.04668144430077348,0.13994791493961262,ILMN,2015-11-19,2015
100,0.00019377137726012846,0.48143176186244424,0.012831402462373208,-0.009643305956649445,0.016737597627226933,0.04112727865342467,-0.03935859734221253,-0.04621127541521815,-0.0034750431044126796,0.002052637570628486,-0.003575421560125033,-0.01488036589325092,0.009980098415988944,0.02458156805073538,0.002244686138000255,-0.011548494856156916,0.006760353801188311,-0.007459864967983493,0.005912330159130204,-0.006204513672702613,0.017240920098992422,0.012749308373208909,-0.012614502057461365,-0.017060881237435908,0.019811213089551343,-0.018275661315746254,0.0032601040103373328,-0.02066006238848979,0.012995604160908001,-0.026153032231392682,-0.012201248660437366,0.008108009010853737,0.007717804585937139,-0.01007702225033897,-0.009898094571171204,0.026826254188735636,0.014683473479564176,0.020490578324913744,0.014600909829515184,-0.020873382159302324,SYF,2015-11-18,2015
100,0.0008885763506012844,0.904760273256858,0.011479626859100853,0.007316287790730706,-0.007719982076343199,0.0029273887785742957,-0.00568181851078535,0.005359524946120487,0.0047309482436299274,0.053237043808887836,0.008018994411763354,8.74080582155233e-05,-0.003311416094905474,-0.006646526490961896,-0.0030425025169591178,-0.00498934992558572,0.0020174206235194893,-0.005429429765455828,-0.016158561319518847,-0.008675835468055712,-0.004259655326400321,-0.0001278621849812884,0.0031576218818966705,-0.003525635514601547,-0.006383665774327342,0.004084329394473141,0.005147169497510394,-0.01303413112724193,-0.11189013451653215,-0.034070107993757835,0.022505789488943658,-0.02988926233569455,-0.00948779875069691,-0.004135603865389506,0.06276297842759117,-0.009689029007921013,0.05611645193662927,-0.03424894939496192,-0.04768031600710411,-0.22483373198981718,VRSK,2015-10-07,2015
100,-0.0007778764789833754,1.0043929278005022,0.013957227492968778,0.018189827887394764,-0.020455709686243398,0.0037691595860515972,0.005129219566549133,-0.01810473703769493,-0.003718797132078113,-0.00666697818176633,-0.0058453568657878445,-0.006388279221897322,0.014825961474084933,-0.007489630733198454,0.0016431991794658746,0.014002533675458756,-0.0033783739069765313,0.008050781098655722,-0.00030819227299303475,-0.006311396401260855,-0.002068656786752617,0.013497319629461914,0.0026898423264530803,0.007263799397897038,0.008119763756174049,0.009567571239598312,0.0030183926303030476,0.02146870753736199,0.0007587810356612474,-0.0019207651052503992,0.0033893123895091075,0.01686548002826544,0.004126589039100554,0.011307890706711234,-0.007793449927444674,-0.00584643155373258,-0.015283080660643128,0.012520317040412333,0.027591225206210893,0.10429294846364547,NWS,2015-09-18,2015
100,-0.0015208427684771807,0.995128966950261,0.02143758498469057,0.00497262939508703,-0.005825460372483868,0.006868334043846361,-0.009861943039160617,0.010663841147856339,-0.0016911521070631305,-0.033365764391165315,0.06900814217049005,0.007277408441369522,0.03420180780445058,-0.01372181519964958,-0.00033606445161194485,0.0070640639775392585,-0.008771108794640653,0.018225967592549724,-0.017159299118615128,-0.004165336450398715,0.016449552343218703,-0.014130256946721265,0.004524404514599132,0.06450444453211736,-0.002776686802122605,-0.0006937203516743603,-0.023388760299461443,0.0023588914919171434,-0.027269355207363007,-0.014302303870617972,-0.0037597108443765924,-0.02343968696599451,-0.006099119596824722,-0.001384427657739369,0.07543044191808171,-0.014057879651261524,0.06170862671843213,-0.014698255994428321,0.05248455199838689,-0.04827032810587056,UAL,2015-09-02,2015
100,0.0004294103566148143,0.8740827480189974,0.010274622742683238,-0.005194503836100152,-0.013006216277150977,-0.006290534601763772,0.0019180895630683881,0.005827792458405492,0.0076604976273292325,0.002846828371094353,-0.011062241990559385,-0.015562941170996467,0.007600892681313764,0.000697268783652105,0.0019285265828660224,-0.0036252378655206043,0.002725757305428975,0.0033512220859561606,0.0005481763064363429,-0.00957484777198728,0.004499603982826786,-0.0010556639176913032,-0.005446143657704683,-0.0032616472480899742,0.005600699139216339,0.002783725075786933,0.012862847500452893,0.008415510482624317,0.025728676041336915,0.012423966650477913,0.006568478939202635,0.00713244892787341,-0.007153791904365521,-0.0026637128502077917,-0.008516964481818504,0.0026257953665181277,-0.007819695698166398,0.005625713198819002,-0.009212985413827453,0.0624858625885706,SIG,2015-07-29,2015
100,5.780530770964758e-05,0.6360912969828414,0.014289554341604891,0.0033890832202274554,0.0017650067581918868,0.006598034037755833,0.0006778620323063091,-0.019753389793283484,0.0005163574645555495,0.016419437896978386,-0.003187175679225578,0.010451555051318654,-0.003240828750850043,-0.01126102746392191,0.011421406311797954,0.004650227936737224,0.02413649037743064,-0.015364650233999204,0.007917058408140635,0.00013321634140556812,0.0012447239442991871,-0.006517915215505171,-0.004241456193594313,0.005573073254831764,0.0045731981940097186,0.006312011326037693,0.003804223625942487,0.0036877616806245735,0.011380400086134335,-0.003084899188512333,0.011021083300342578,-0.0006008520319011345,0.008769736188707461,-0.0010656829465047007,0.020959345982776968,0.00016037884787604463,0.009698318518855059,0.02149950533618534,0.017691147467622372,0.06248812770250305,AAP,2015-07-08,2015
100,0.0001926539030088294,0.9506801440148854,0.010034247197353272,-0.0033627617465644332,0.0033816254193946085,0.013399078764413042,0.0004426278759533525,-0.001139696227719891,-0.023544761300957777,-0.00979558534363979,-0.0010145351969925792,0.010626049899873112,-0.014343611017392567,0.0026931206735522524,-0.009113146141913532,0.002389189014923642,0.011448196557189396,0.0011682852316106575,0.018950459429311117,-0.004735340473673565,0.002610443400978728,-0.0113210470650693,-0.006091058832175239,-0.005538394986072304,-0.0024237479382337463,-0.013760030321522168,0.01220463895009346,-0.009011910379955608,-0.015257824707359438,0.01650455224647416,0.002512131061032117,0.0007090765455569723,0.008805913354429496,0.0033394161311222233,-0.038072442959109595,-0.00642002546836128,-0.035379322285557346,0.02753610476467353,0.0024607068086618545,0.006082921750299326,JBHT,2015-07-01,2015
89,0.0003558791780718786,1.4366554409955459,0.027063875918347077,-0.04715137528592937,0.006926101442653526,-0.018150266356818028,0.00010495939825730621,0.005100348305701004,0.009261983168757903,0.03055585993330764,-0.03324082107982454,-0.0033274220765272776,0.01259346448905271,-0.00893056349436478,0.02797498876339328,-0.009753882010150525,0.022286704097519705,-0.0054415637952840105,-0.013448868056450574,0.014346691245391157,0.020501719104749468,-0.03015282207255708,0.0017716677741242987,0.00852244786264556,-0.05507274189057312,0.013007265185681748,0.011018738047460487,-0.00916554291058844,0.012453923236166396,-0.011779284056379326,-0.00956588888699653,-0.04441925311576177,-0.004272002681061151,0.0023203389359385505,0.015843064434766435,0.019044425269028498,0.006912500940401654,0.012686815504663095,0.027676519419016492,-0.06779792871709665,QRVO,2015-06-11,2015
100,0.0014387950562360441,0.13229986835782034,0.012547697538088412,-0.004755281474996842,-0.0172219720866203,-0.015603288177622339,-0.010639390929839416,-0.00546561452358163,0.011781281921213861,-0.0008517619563114338,-0.0032409272238496894,0.009106888665586215,-0.03135512071492684,0.000613051003555954,-0.0035719934757709585,-0.0260475152804648,0.0009091509060626516,-0.008739733224131099,0.014902088361182371,-0.014002795030920806,-0.0009309700702606486,-0.0021635876379072394,-0.005908738396473455,0.004038228330473393,0.0011265393307593212,-0.00437893280656081,-0.0021420803841560396,-0.00372867801805937,-0.0058757753076872895,-0.02204878916009446,-0.018026758779364133,-0.002237378582710178,0.0017830952860470098,-0.023459729734576933,-0.014559639308287887,-0.0029589424722150045,-0.013946588304731933,-0.021934951709565886,-0.040902814514654634,-0.11989130267105752,O,2015-04-07,2015
100,0.0025893683007254444,1.5448873875796132,0.02611551603132136,-0.010338803178473372,-0.0010942220357357604,0.014187185412625206,0.0049211353100805585,0.017856168080805535,-0.003244047776507046,0.06936203276773989,-0.013097815802054436,0.02434971120950125,-0.006175537111127201,-0.02458271303371731,-0.0017524976208523578,-0.016183270632952197,-0.013241988701497315,0.02050609038473003,-0.0029402657708339254,-0.005103154527223734,-0.041799172617982314,-0.033329951741258274,-0.035386553720252435,-0.01153736543208818,0.0190423828526124,-0.028098226706984863,-0.01290848340145374,0.0057607265654229575,-0.012877474355322502,-0.003587212554927338,0.008823282386840969,0.013947648421886238,0.015268923398317431,0.03134775397737784,0.07119434328755245,-0.026335210654569667,0.046611630253835135,-0.03819464537512307,-0.16535084341392803,-0.1286315228301586,AAL,2015-03-23,2015
100,0.000719494350892658,1.316648491978811,0.01358618283918333,-0.016997421897632484,0.006113945464431433,-0.0009633430073621514,0.0022910640569724673,0.0029739990752784586,0.005798281391663811,-0.0043339992233423245,-0.007072721597182731,0.003129208093387658,0.0003135325032273435,0.0003247501898330895,-0.02372068447598038,0.0078124870725982745,-0.001964625855292379,0.0043390190976170286,0.002623053835402938,0.005046243368483861,0.007685063697943827,0.003209157851142436,-0.011304444769678769,-0.0016655815294372993,0.016033696436885073,-0.002526782977185619,-0.009261452929439617,0.005827202444311326,0.004284368926067891,-0.008723690607810782,0.0018389082227516283,-0.008434745229897506,0.0028493580262511607,0.017400121428725678,-0.0021656988322462426,-0.02339593428614729,-0.001840948642413153,-0.010586000135821429,-0.0076155615173673745,0.011671422223291863,EQIX,2015-03-23,2015
100,0.002009443938894733,0.479824550730239,0.009407815644341823,0.009209054106198898,-0.001338726296412105,-0.0029420161701326384,0.01863952485627527,0.0014634642627768227,-0.0008755363795141741,0.005411281522269825,0.0034338500230265655,-0.0010449534453958063,0.020764943314279527,-0.005509086074495127,-0.01256114093124234,-0.012986858978589536,-0.008632735590429555,-0.0026741133702607067,0.006224000252164375,-0.006842330279338083,-0.003458024079868783,0.011271193431148645,0.008290124644182852,-0.017563459917292027,0.0007896483846460264,-0.02678064564945782,0.0013842484025338537,-0.0022340737423756233,0.0033066839389608456,-0.015837967843726174,0.00519888060160386,-0.004884216963917007,-0.0036612116503654687,0.007245547112885539,0.02768958503466594,-0.018070227005737467,0.02218049896017081,-0.0361399346928529,-0.04444243089402029,-0.07991553830323224,SLG,2015-03-23,2015
100,0.0015048716822169868,0.763222269487017,0.008779794672322074,0.0025620185049085994,-0.004193436432108667,-0.01057727087739896,0.003655086264436405,-0.001412729028920718,-0.0027406396625828085,-0.00015806130354632797,-0.010980137088382873,0.008631451702092915,-0.0050202391752035246,-0.00474672712226651,0.01308580295218575,0.008002832086594901,-0.006273372193730214,-0.00720042955138164,-0.005497007410346399,-0.009261066503578464,0.008065262698848542,0.003802959153428905,-0.003462096127535643,-0.008550209680975519,0.003804570483076303,0.00083301547583574,-0.003355211695812502,-0.0019065389224659601,0.007090380241724949,-0.005112909332068493,0.0040419924844058205,-0.013783462136074773,-0.009272645831143457,0.0006592082385287811,-0.01026762552762262,0.008339075829919239,-0.01501435264988913,-0.0026289012389441166,-0.012034051698756293,-0.02903565269274988,HSIC,2015-03-18,2015
100,0.00325170900846769,1.7510609549569116,0.02087723301065843,0.00897693477936199,-0.007481878619794373,0.023851285023508882,-0.021862722508025442,0.02032499438414182,0.009954824527316306,0.012968302908404382,0.004838321620640457,0.016666321056786844,0.011014799664175427,-0.018046854949950425,0.008063837928326812,0.013910301264892354,0.008033270500657178,-0.026368015202487553,0.030214763116444252,0.005639070514396747,-0.003037769214363699,0.004579402922585329,-0.03737625714947894,-0.025913089322512708,0.05297760487065692,-0.01148099803290412,-0.006328555605629695,-0.011156525433847549,-0.012834598716977862,-0.02562091070844392,0.013990720855281491,-0.0008384586611371704,0.012984824925035079,-0.014343813629643891,0.05544256977732342,-0.009983017021623613,0.03739571482737299,0.01580730265788262,-0.040301339591490654,-0.042952049729101376,SWKS,2015-03-12,2015
100,0.0005850531222900806,0.9906544580704376,0.014100389492556367,-0.025904700268719712,0.0011410438762702176,-0.018372900885950935,0.003068650780726063,-0.01708276962012703,-0.03087955716405131,0.015303577771269367,0.0005834640336185755,-0.020447655539221097,0.058457490321775094,0.004790956287979396,9.042996747851348e-05,-0.00038224319862785634,-0.007072438719789832,-0.02213951337538626,-0.018928134092596187,-0.009855373418584867,-0.012324595662949746,-0.009909739371797392,-0.007016115719323533,0.014580793930537775,-0.0011365244335091106,-0.009368704762211242,-0.011591985696253408,0.009149151698822971,-0.0049006557734222736,0.009125862820318879,-0.003909645365362459,0.014930889709773276,-0.009685082109654604,0.008236548538506154,0.02301731942339063,0.00488138625545791,0.027808275711370026,-0.043640943130942224,-0.06816597337305998,-0.06731611874605183,HCA,2015-01-27,2015
100,0.0014635601747012416,1.9537131233259348,0.01544932636247623,-0.005017639131850181,-0.006828418299256144,0.0050874115978255825,-0.00554865362942889,-0.015302624743286093,0.05213752200811709,-0.007934651296284161,0.045969841084948476,0.005040774163292383,-0.0038294595021936906,0.006965410514512985,0.02367911914230558,-0.001630301189437211,0.011233551625357618,-0.00542322791622594,0.029703724091511376,0.02130250916587648,-0.010783184650726016,0.023255301708916765,-0.07505298103509052,0.005134123181265554,0.0035607211129012103,0.0024536161627481522,0.0007532261532836042,-0.009012388109984977,0.012411991253259907,-0.004292176588348547,0.017573030662036925,0.005489235235111263,0.019515375222084595,0.01892253914637563,0.09138402645788009,0.030644529656818565,0.09834943697239307,0.0645282762680244,0.02838404463826668,0.09575921488773445,RCL,2014-12-05,2014
100,0.0007488626738159972,2.056520937270694,0.01162156269952608,0.0038072466248246168,-0.010678525592680189,-0.011353579620823367,0.005220243867956871,0.015847511253843722,-0.0019501617178010002,-0.003946436950251759,-0.004006527845251387,-0.0018130454115249488,-0.016759903512842653,-0.00018238565210403762,-0.0009233469007373617,-0.010906524723800876,0.004698510941469537,-0.004706808525844385,0.004673206381700889,-0.00771182007308792,-0.035234446826941594,0.008960455770876279,0.010993916662421457,-0.016952802513885958,-0.04495008600335083,0.0017007069276780626,-0.009657799067670662,-0.020587460316624104,-0.003987730388789204,0.019537035302941826,0.026522115257468795,0.0633040228739058,0.008707461279551187,-0.012325597738292518,-0.02847607543767175,-0.0011057325528413993,-0.028658461089775787,-0.007347348479316234,-0.04729204545993397,-0.019029377333115605,URI,2014-09-20,2014
100,0.002681498081465913,0.7519557271152473,0.014949398542091945,0.022611743814054217,0.016421838516680692,-0.009547819166536225,0.015282738573297823,-0.011876408732054615,-0.006273090272763453,-0.0009449536804970581,-0.00723068761921095,0.0015875791628756448,0.009775534458069975,-0.0031478957220517348,-0.0018655543805529448,0.009464103669758694,-0.017878363148381766,-0.03356527057924801,0.003994230512003513,-0.047777548478189456,-0.0012059899277285704,0.01775857456482938,0.004451635447938942,-0.019637434848807256,0.011147232011955673,0.007211258983249126,-0.02322344459788081,0.0015597504449824532,-0.0068947954843328295,0.0038368103242811284,-0.022847492489921614,0.026498784661577873,-0.011629873543460867,0.00584355494464114,-0.0030856179515258413,-0.005013450102604679,-0.006233513673577576,-0.04299874964847225,-0.08940951289042921,-0.09790772763533793,UHS,2014-09-20,2014
100,0.001098856076699071,1.2269718750520986,0.015693046718879486,0.014840248863972763,-0.0029636797520093397,0.003026148941167953,-0.009123230582663571,-0.01142841767458029,-0.010600815053582964,-0.005780211405535583,0.01256730946940464,-0.0020035620728163905,-0.00964415316276456,-0.040049344499042135,-0.010877792013275437,-0.007948198545313926,0.01727760473314842,0.00383805686839812,0.015883813397656002,-0.004295309684893186,-0.003934188914461221,0.0012740640555174937,-0.004545590951717195,0.0013327826851355258,0.004539400517934411,-0.018760752557507934,0.009820504575562345,0.008596304412620822,0.0004273301532119974,-0.002821282565518425,-0.017238329190468218,0.0070270520236362195,-0.006140237859002145,-0.010339395262068497,-0.015461432225294858,-0.050927136512317575,-0.05551077672433699,-0.021875860058428953,-0.03204410286884754,-0.056933508620446965,MLM,2014-07-02,2014
100,-0.0021860136122481342,1.9905948845414265,0.013662719939929867,0.011067590644511025,-0.01666311951981325,-0.005990232789877405,0.00689093813225153,0.0024497133955693473,0.006048666043728902,0.004395287037817873,-0.012424178858224277,0.00781530292146994,0.017393531172784485,-0.011646846456421897,0.003259085606377158,0.005255454730545039,0.00033183069300211573,0.011659304266685135,-0.00791283254400081,-0.0027981153670601326,0.004620335099135811,-0.0032239481179696366,0.007451023032187535,-0.0038211212962308335,0.009697693563583295,-0.0020062065061065455,0.005300718815613835,0.0018759784857720289,-0.003912904680277676,0.0018917874688105971,0.003754228698096799,0.007832935327505777,-0.00018147473717728367,0.008852936044732522,0.02322860831757692,-0.00838776085004474,0.011581761861155023,0.0009459962961867394,0.003174169646249483,0.036279862126802835,AMG,2014-07-01,2014
100,0.0023567178391156857,1.307687598579633,0.01922838727149519,0.007401930898232321,-0.03933937991468455,-0.03192427105060388,-0.006266381379097798,0.035214362468086444,-0.0023264590565451096,0.01161824531852607,-0.0051124461880210775,0.056422938835376205,-0.01758242632871223,0.016360260166484137,-0.012320913126027991,0.010250248091659834,-0.008274394172991063,0.0001626187778794165,0.0014413482636994098,0.0008163049233091135,-0.009714038701158069,-0.0056099034784693105,0.00016838594246356905,-0.0015034211323538575,0.018963270370325247,-0.004791718866095199,-0.012669741634761353,0.00043843398397397197,-0.006462022743059764,0.010324461360256464,-0.004516236156508417,-0.002591620301952948,-0.007237946466137502,-0.011739236953458906,0.04301985258062386,0.004039347040456146,0.059380112747108,0.0076191680007037434,-0.00822350444550481,-0.02850586185292322,AVGO,2014-05-08,2014
100,0.0021455177434206033,1.1231932836114324,0.015072312779437136,-0.010654010097650882,-0.010711434093511716,-0.018121670601066165,-0.006398977947298009,-0.0176117052492968,-0.015760314028876763,-0.0020912054455436094,-0.01605855075789699,0.00809652023773436,-0.005160636823850891,0.005055494232323631,-0.034994859929130914,0.001485101659860686,0.024395160581713933,0.002606920886045888,-0.014987353203675537,-0.007908646929408798,0.002403008258556036,-0.0033107474504713097,0.013460339436605143,-0.040817865116518796,-0.013711391430875203,0.004568690817059829,-0.014412358967101151,-0.00980003201233395,-0.014461694245552364,-0.006003691701252349,0.01772631834426852,-0.008208349322903607,0.004816288757366602,-0.00932081489895931,-0.03097418681843389,-0.029939365696807285,-0.02591869258611026,-0.016439535772862314,-0.05261344757410004,-0.10142048223438302,GOOGL,2014-04-03,2014
100,0.0005958160563662793,0.6908200141190834,0.010533480273578243,-0.011855731707457429,0.006882553884244303,0.00819548511483357,0.002893741275465968,0.015675496944325868,-0.020419400425229092,0.014535543484366973,-0.003257381667461843,0.007867834912109762,0.01752131627300143,-0.012382614966003623,-0.020103051085670492,0.01567272934379378,-0.002341193413731525,0.0030280740117091228,-0.011582282995309006,0.002918983942830638,-0.0081084227426317,0.0010651488611185282,0.001115735784290574,-0.0004102923390976853,-0.004153678497403611,0.00705218086977644,0.0011122930388291338,-0.008499854158151727,0.00929580140695541,0.0006160183748570918,0.014500166010572395,-0.005787578989906687,0.001388737283115513,0.007722879684940321,0.01624791257678723,-0.03248566605167411,0.003865297610783606,-0.02770833910521174,-0.03112718559870139,-0.00788022057511711,ESS,2014-04-02,2014
100,0.0012867122389261648,1.2623975414602597,0.012181245701885538,0.0028474039698141735,-0.00576100191203053,-0.02772180926717216,-0.0020103041215861622,0.0033099251288605984,-0.011224839575800597,0.0017544362270653809,-0.02191711582668494,0.0014107340871485825,-0.007804139193533644,0.0015495588837643702,0.008865914396145917,-0.005897411782713852,-0.012388497424679824,-0.03800240837406669,-0.007280855733714855,-0.01970252785598105,-0.008848672532800177,0.004261764057559469,0.004218372038841241,0.003609634567491901,-0.010811012464577729,-0.020490253026356396,0.004065595082391906,-0.005876445343064512,-0.01462207002606383,0.009805367497177182,-0.006795724241617034,-0.004611664498613072,0.010671109874648184,-0.003515784046632133,-0.03778092428180521,0.010415473279910287,-0.03623136539804084,-0.053153700035264935,-0.06961512976015356,-0.111796010952861,TSCO,2014-01-24,2014
100,0.0009696438489162941,1.536901993323484,0.01443897941906601,0.0268570430101304,-0.011904270947180216,0.005828685119495181,0.012831731764977199,-0.007949530224042125,-0.001953544430467226,-0.0037499665355675187,0.020262497829209424,-0.02056369341958726,-0.022817189677198722,0.018697788259936447,0.0009301828763244617,-0.008450792761825943,0.0024138414820043894,0.00420019134532777,0.0026068654095795117,0.014120349556590256,0.0018197516662442563,-0.011323499049725481,-0.021550134418963352,0.00898811084801706,-0.0088054651361772,0.010442308107088981,0.008037776669433176,-0.0010767338554340533,-0.007414886538886092,0.0027079617381605293,-0.014004269942901715,-0.00884459414735836,0.013416643355882205,0.008501900497847017,-0.028821896233611304,0.01962797113626091,-0.010124107973674856,0.020398076611346638,0.01245265521350938,0.015413295961163859,MHK,2013-12-23,2013
100,-0.002215742940569913,0.9438330995096111,0.00847816308631015,-0.000161491134132467,-0.006090940626367227,-0.0025812288538331228,0.009215952259939705,0.016838456609515072,0.0547971607975131,-0.0012486318567211958,0.000370375056953792,0.007820996028738784,-0.01738756188250848,-0.010889714193817682,-0.012645956584531647,0.0011833407341132985,0.009835736422299424,0.015946110334987842,0.0013474426156734796,0.015064179069776681,0.08216891203796794,0.008513030564879514,0.03682497531494436,0.00029302947772710634,0.007711237335023602,-0.013796585499937154,-0.0059765789400297795,0.0018475444922149056,-0.0006599032265079607,0.005097434403770824,-0.03477277115600096,-0.008007258059776473,-0.01773845051690926,-0.009760030279796252,0.04435233814397601,-0.02353567077834933,0.033462623950158324,0.004776959328724715,0.14764108579402033,0.07158572434607183,RIG,2013-10-29,2013
100,0.002516355980457176,1.881888980472936,0.05100912194726869,0.005133690844988234,0.015315483679028404,-0.02376303229873361,-0.026994871686392377,0.023582499467849877,-0.04708462245114933,-0.04000971969823747,0.01355740613374919,-0.03715533968398611,-0.009736023323092884,0.00927748673341422,-0.0009947413802263846,-0.011744701572547287,0.004522757219252289,0.015540288116691907,-0.00046881625958537353,0.0051781912022930855,-0.0018058686342645666,-0.004903367338481087,0.019916409389713605,-0.015095415056540456,-0.009101059016225498,-0.02331519844665842,-0.032677278672667544,-0.03125375705094271,-0.0152959297896752,0.028417060631600377,0.005927980084314493,2.495402269576952e-07,0.0032177671642704027,-0.012201493955183869,-0.12042829902271661,0.008282745353187834,-0.11115081228930239,0.016132272856999367,0.01942222241971995,-0.06685943709122105,VRTX,2013-09-20,2013
100,-0.0002671999880847776,1.1205629272460216,0.007941558466282571,0.0029388666090959465,-0.012695626620461448,0.0013614906713872582,0.0009066711092811271,0.02939621754993579,-0.012251997576861936,-0.0021142547248128307,-0.0011446389804103526,-0.006501659415227848,0.007563265942539101,0.007948293737697289,0.0062202826770224075,0.007300845977692331,0.002258984204124284,-0.002765978422043591,-0.0075701085880745195,0.015335503251176826,-0.015856914627886316,-0.0044719207870251455,-0.0031410431473944365,-0.0042680244371434365,0.004489643851906509,-0.004098274637041131,-0.005396451798713902,0.007151915144074289,0.000756938329333684,-0.0003350518085089996,-0.006810790030511851,-0.01045853187600888,0.00418977250614153,0.0018921607879098783,-0.014449284754773865,0.014168576414719697,-0.006500991017076576,0.013392319586418205,0.0009899198381456958,-0.007628749693273184,AME,2013-09-20,2013
100,0.00048437814745276695,1.9514369354139243,0.021468568897148183,0.014841937911363953,-0.02818863841025161,-0.004792666049563478,0.021998436101528254,0.010291794165758678,-0.003033710198700984,0.007153182138643417,-0.005802496546881355,-0.01852847090715864,0.06996804044618407,0.02443666311581555,-0.015754711672370365,-0.005090083609333869,0.00766649997074709,0.018250692829713352,-0.0013810469209971097,-0.0245333198937741,0.009103153038519777,0.007232819578656251,0.009605271805525836,0.023282433007613786,0.006971401086820728,0.0010905552598703102,-0.011014269188638987,0.012165040775468306,0.009911937457846205,0.002468074633240726,0.029005245011590748,0.011942876431835805,0.0025966577430543668,-0.0015358830370071491,0.049756544932086505,0.008681951443445184,0.07419320804790205,0.028128013713574648,0.052818371250116194,0.11642000742419727,DAL,2013-09-10,2013
76,0.0003517190850261862,0.601187012189925,0.01642903967657174,-0.026261991652870062,0.01591754068631657,-0.00394832250029666,-0.0006758771165503528,-0.02065827715604726,-0.008744652689042383,0.0002976390536743442,0.0020630042954132167,0.0022441687743929312,-0.011600910855990068,0.011534606787443774,-0.00022114676303896727,0.029851323566963482,-0.022741145351426014,-0.007301513343980271,0.0028801103778209273,-0.01269712849536237,-0.03020396998657347,-0.015089157997849066,0.023489239645975987,0.021701529451001993,-0.0033905633294041768,0.0014740908548476553,-0.012319389897241184,0.011606716289679202,0.0061322019899895715,-0.011506588194839538,-0.0074879109750528965,-0.008870412583904901,-0.020317458108220283,-0.0005810788740728508,-0.015740751421551957,0.011313460024404807,-0.004206144634108183,0.014002235273782934,0.0012027478909760053,-0.0440576449372434,ZTS,2013-06-21,2013
100,0.0007146176504742922,1.1279492038623589,0.014403590136579299,0.0035531226228012946,-0.008912540114816523,0.0005158726507084337,0.024778551652728957,0.009910035365671196,0.012332453044825567,-0.006349632015863875,0.00812737364698294,0.021085279246642684,-0.012319365149441536,0.0020190222294457945,0.0018904613799943654,-0.008636563507041199,-0.012795718258101009,-0.00548236404205742,0.013639354584208337,-0.00016292395435182037,-0.025683705640764116,-0.0012021179681151982,0.004674049727830434,-0.005371159294189375,-0.014529447892194871,-0.011764381589283536,0.0012739325169168082,0.011201714798033807,0.009069904834831444,0.010458783035722232,0.013709379427733563,0.002837105874010457,-0.00047146367537596965,0.0032415002242991136,0.022876108773145783,0.00390948360944016,0.024895131002591577,-0.00936580761355113,-0.03711166474314121,-0.012084637188448153,GM,2013-06-06,2013
100,0.0010021487148143334,0.5330518636414294,0.0058662562273383125,0.0059679975107428075,0.008903300583126585,0.005081161765506641,0.006166671882610853,0.004694431034322339,-0.014168075867210741,-0.002366128136972409,0.013203356122745286,0.0035042199984194966,-0.006044590965019378,-0.00420353528938157,-0.003902196203035093,0.004990674443315098,0.00039806495285331605,-0.0063812107688503645,0.0013830673614195514,-0.007561007717501908,-0.0013382393768696203,0.005463428636529565,-0.004605086119481996,-0.02558220924983497,-0.022135988737285475,-0.004142073544128773,-0.010823613578242653,-0.006001532648194515,-0.002803055800470224,-0.007849731152633516,-0.019213766409874433,-0.017799612481068084,-0.010983497411257403,0.013940171552034239,-0.005871218848037746,-0.008105731492416664,-0.010074754137419317,-0.007715135503679063,-0.04133824933083799,-0.12915094954195883,MAC,2013-05-08,2013
100,0.001090896577022278,1.097556866200709,0.02202958929803633,0.019534647291352493,-0.0023747157658347874,-0.024304122131612624,0.017484122898576877,-0.0004260985689873249,-0.01696733727449136,-0.011630123347458018,0.023178806598620635,0.00024050158746951157,-0.014134054559614289,-0.005393828874080005,0.10716683741801185,0.035314381081835725,0.055538909340700465,-0.01607747318669829,-0.00894994359299069,0.0002697836449015705,-0.003846590962790267,0.03732402997870339,0.02416989355997554,-0.004036078055117713,-0.03790006789144198,-0.030661879348292283,-0.0036479378685128506,-0.012865661093396144,-0.01703640045455705,0.017446193938385934,-0.027069813013269883,-0.01853896871625516,-0.0034845620353630754,-0.00831335253973814,-0.01931220699547352,0.10177300854393184,-0.024706035869553528,0.167598882186779,0.22147992035245156,0.07940747133001094,REGN,2013-04-30,2013
100,0.002544586321592244,1.0948111354977086,0.02248715287812585,-0.035696674463014055,0.009042599358122095,-0.01148157507948051,0.03866224697409702,0.011227424269261701,-0.01157511366427654,-0.026430758674488165,0.005867726366061945,-0.00509967839061934,-0.004878533636735403,-0.0030639282247762007,-0.0019252178242731757,-0.011841852509799947,-0.0006183584258070609,-0.0028963442154161627,0.004734033491098036,0.011281285013435588,-0.008738632049619846,0.007801573881449872,-0.003363557415483433,0.007219510033267561,-0.003407308316550277,-0.022699674449407094,0.006489721080252973,-0.013907966300669119,-0.025424979632035327,-0.024269973398280024,0.008564499792123472,-0.015210335810041335,-0.007108671841936514,-0.012818282343649748,-0.0421163580000575,-0.004989146049049376,-0.0451802862248337,-0.01561166770897451,-0.001411488245924769,-0.11120445946611776,PVH,2013-02-15,2013
100,-0.00047575409464990835,1.0448037998806767,0.012063732082989926,-0.0071583083197734486,0.014485412641909143,-0.0029439992015246833,0.0031386191965526453,0.030583253630885238,0.0027647150970235065,-0.005951779027013915,0.0528548673329838,-0.009502141898768624,0.011093108861710662,-0.0006677241606631839,-0.02094923954277095,0.009046772705929644,-0.006925345927030691,0.006173753774377101,0.017102582525780195,-0.005029023708539771,-0.02009664523371914,0.0015938126369246207,-0.007004508864409318,0.006718547924942735,0.01638027148277612,-0.020139803321538224,0.0014990272020413524,0.008044328596725651,0.0012328468995770107,-0.0045949921653503185,0.0035065599825868654,0.007900521668397057,-0.07492985694030337,-0.004890155872241467,0.05125877036593543,-0.021616963703434133,0.050591046205272244,0.003780799375622118,-0.020037017869178757,-0.08602827033650808,GRMN,2012-12-11,2012
100,-0.0004671044298637274,0.14130936618917614,0.013129399664450755,0.015096455473656163,-0.0070461133287450595,-0.0179489384728083,0.008718312463185135,0.02758988228300424,-0.00127192015112025,0.005255382491418841,0.0007742159748434019,0.005496874607436693,0.003247896240231279,-0.0239735824589191,-0.016251362910280866,-0.02810574766292089,-0.0036541679192612143,0.007992410367008145,-0.004507523335728141,-0.08160801528158958,0.03361399568620476,0.013899579522097324,-0.024179096115345203,0.005620773138249548,0.00043820177491901897,-0.0194909693716347,0.01551052682290732,-0.005963752168910719,-0.0030917067424686777,-0.010659155295633682,0.0045899281471101444,-0.007750764724326069,0.03012717791660321,-0.029972765326188047,0.013502449162809965,-0.04022494536919997,-0.010471133296109136,-0.06849997392010206,-0.12115273697048523,-0.14741601593810744,DG,2012-12-03,2012
100,0.001107034288531104,0.5694600245419174,0.007122362919943707,0.01784287415906463,0.008308044427503682,0.017638655339342845,0.0032536696287132584,-0.0034305623475775517,-0.0016023731040022433,-8.633307957045793e-06,-0.008273285295413643,0.005082882337635981,0.02528740171930131,-0.013563447169589697,-0.009613759517611686,0.0030519734858952567,-0.009872862188726642,-0.008528750684778312,-0.0023665666843472512,-0.0016010436684590866,-0.0015851960334874334,-0.00014992646919297949,-0.005688608260796094,-0.00876427607769105,0.006805949565609631,-0.0008070074737926134,-0.006656754200149467,-0.0017275655815417192,-0.004744423577715322,-0.004985433552018141,-0.005074426726913816,0.004207492143424176,-0.0030773485623479995,0.002076514512164393,0.020485992349564358,-0.023177206687201385,0.006922545179974661,-0.04089341275915833,-0.05868246326878497,-0.07266546672206584,MDLZ,2012-10-02,2012
100,-0.0006192690044321511,1.1260597768539273,0.012255985588075995,-0.010855585767057776,0.011929523129644026,0.03126769842817205,-0.010616902110733302,0.009828050388248376,-0.006904963432010505,-0.007648302771680996,-0.012756552558783881,0.024757910142114543,0.031387980162655434,-0.049043384466095165,0.012733992274261188,0.023366492026797556,-0.00021841197584634812,0.02165085293563911,0.0016548488013633758,-0.00914215495320025,-0.010806875455894698,0.003377909555694245,0.0021324288399618375,-0.002043600531012951,-0.012481557963192915,-0.008350696151248588,-0.008378254086997996,0.006369824114933328,-0.009788353797815291,-0.0121175786820743,0.007530423163791643,0.006506148604332148,-0.0024462116283230093,0.028046677573944065,0.028836071542294596,-0.036309392191833975,-0.02020731292380057,0.010144389596119718,-0.006337902948332094,-0.011447481800983018,PNR,2012-10-01,2012
100,0.0010137209306185118,1.8248289616098008,0.017786690702883332,-0.01079526109397369,-0.011259143251872996,-0.003875477807259097,-0.009199100437442993,-0.016326939259079055,0.007860448328986509,-0.006563369839595146,0.050544704716096414,-0.006761187259774935,-0.03707434189150497,8.428021194597395e-05,-0.006699303276283961,0.01203629126155976,0.007607689546283474,-0.005307183962115094,-0.0005868927925538961,0.01497522853595061,0.020257796215298753,-0.02262915460025755,0.0005533150826407438,0.007548126888075883,0.0003542522925571074,-0.0037364423608191267,-0.003256275141744815,-0.00586437530471352,0.01262896692570019,-0.0006442067040207736,0.0029261452207052984,0.004552722890002789,0.010905127565444175,-0.018447190228483984,0.008006254054207872,-0.0066150230643379875,0.008090534266153845,0.007134880988836256,0.02784019311054469,0.027258918265172044,LYB,2012-09-05,2012
100,0.0019974488075291635,1.6291855918775455,0.029845657983635726,0.007040791904082654,0.008580439809826413,-0.005805348022754356,-0.03513462855221889,0.015040609853330075,0.0212019067283254,0.026121554961065347,0.0002855148092126697,-0.05214836722292325,0.019612536489513367,-0.012897235931881064,0.010824003766813884,0.0036648733587190943,0.008646893757194046,0.04034195889551372,-0.012868081705280393,-0.0011840271655784852,0.0006143040437709187,-0.0059275603767718,0.010649437804800054,0.013623250776592925,0.015149250989989642,-0.019580825560571558,0.0007663445757623878,0.0032097819030111833,0.009403716237841267,-0.007171425571817014,0.10452117697974023,-0.03445501125881522,0.012688090958391723,-0.00851407667512396,0.015073145765193537,-0.00207323216506718,0.002175909833312473,0.03771241214107929,0.055487817223892906,0.13150483980230157,STX,2012-07-02,2012
100,0.003983477403275847,0.8712476033389942,0.017113898406336002,0.017132446370899508,-0.004224525073636162,-0.04568584941908076,-0.013737927004435753,0.008166397780864577,-0.02544656929257318,0.013419784657407997,0.0021053786473573533,-0.060238544851131184,-0.037214641356713894,0.011188353181938192,0.04293410803202104,-0.008059997477845892,-0.010361552247508328,-0.004809338634629367,-0.01516251497500961,0.0051916498039033965,-0.016155604904426364,0.0010687891875930428,0.007867979609941466,-0.01865005366923852,-0.01997681264360628,-0.008671288567246263,-0.06461913834850035,-0.03825189798574468,0.021963762548715054,-0.00701311089329238,0.013410365785615637,-0.0011493462449799624,-0.013974489720923664,-0.0029755259724124944,-0.1073745921956529,0.05412246121395923,-0.0961862390137147,0.01572905787896603,-0.00494818209326095,-0.1262056641356363,MNST,2012-06-29,2012
100,-0.0017916089164649537,1.3982819525583916,0.016956823831515026,-0.005133688526887972,0.0029453224086491534,-0.0024082468613010944,-0.013860412420121399,0.024297068053216492,-0.0027278785500543627,-0.005196055478350604,-0.007013420021613666,0.004810467571928365,-0.002243990673355346,0.030094815210060362,-0.0062423257356634156,-0.018946113902380126,-0.004445095841482954,0.006978387387506313,-0.009036218061005113,-0.00020327494629156923,-0.023598398931793163,0.02052755059869847,-0.005271675002382923,0.003191082980379744,0.020018989941695455,0.008449436184702529,-0.004244141559023096,-0.016321966401119273,-0.011197457297433471,-0.0010961866448474331,-0.0018414997096159787,0.0057253052996461135,-0.0045618969056162315,-0.001859339477185266,-0.012370877151445612,0.023852489474396946,0.01772393805861475,-0.001596550942964934,-0.006951266244354375,-0.013880022813151024,LRCX,2012-06-05,2012
100,0.002152588844770002,0.37864835986669554,0.013779475728182092,-0.016435125999275185,-0.010073604450080417,-0.005126196461461657,-0.0056633432785241095,-0.025386017922525594,0.003330319073560708,-0.009946870359931722,-0.010950653978362767,-0.007450000360210501,-0.00198419387056735,-0.003957390259086396,-0.01461262829772191,0.01794154888236979,0.010766181977687288,-0.02190965919543922,-0.034851114300039863,0.008275818679755966,0.02644540298729142,0.008376377666095537,0.014036498787207124,-0.048024168200536496,0.01769957501723589,-0.003708994504256007,-0.04528847881135581,-0.015048305510269522,-0.0039431190529859534,-0.00020207303072907737,-0.009405656000406985,-0.0033185605277943767,0.0014298515415841267,0.007524458536193729,-0.02700139949551163,-0.01857001855680831,-0.030958789754598027,-0.04662306119223031,-0.03751313127241676,-0.09177443361520077,KMI,2012-05-17,2012
100,0.0019733684752662735,1.3062495727661585,0.025753333807461663,0.006017765654993916,0.012345439075014368,0.014560622655349308,-0.005652460812803906,-0.0023466855022206724,-0.009865012296330078,-0.005478991931389943,0.00778870732676024,-0.019519235893144693,0.0019560987677083516,0.0076470495221519184,0.006498919263575361,0.03078662224390776,0.014612897292885799,-0.009860077493159664,-0.020201044942375262,-0.020000202408887145,-0.004934547439524886,-0.02458125629427698,-0.0022374411064200704,0.02351420488092092,-0.01499364467800815,-0.014956803115329933,-0.013702333910557127,-0.0025587180910826395,0.0036071985832382483,0.013218693498278429,-0.006410313219375045,-0.007017545638590585,0.01395354106441335,0.025081548374050033,-0.025118434026396123,0.01414596878572728,-0.017471384504244205,0.029484365886985914,0.0012451235187977486,-0.0025332536141656654,FOSL,2012-04-03,2012
100,0.0004506967748888086,0.6720446080924354,0.011263590760068573,0.0028801478382961356,-0.002649382243703398,0.015108744434234773,0.007583752779828533,0.0015904554328403026,-0.003879297182228571,-0.0012617242893164281,0.014615244496187,0.009870930599330927,0.00894990053775528,-0.030336956894512365,-0.02858997765775692,-0.00235377787456923,-0.0073105862799675726,0.013215467809489507,-0.004855880875357683,0.007797760103556744,0.0025256723250080527,0.0008524345469568657,-0.0026015624953753397,-0.006800466311437412,5.187450448019973e-05,0.0008190443886185261,0.0034634510166646937,-0.004913385181382663,-0.0035902219938793046,0.0024756664215875275,0.010325570073391122,0.00027303923025108565,0.002986370362516467,0.018790601595795868,0.028295054161728207,-0.058926934552269286,-0.002041902732784158,-0.06023171177267427,-0.058457873603965343,-0.02777586318592184,CCI,2012-03-13,2012
100,-0.0013375056121900355,1.3351531998370323,0.019666530777969704,0.0022554972488586225,0.026400704658554562,0.005151616986113839,-0.004496550118451453,0.005983223536933906,-0.008062124366590718,0.005952571078803549,-0.04943090307289519,-0.016317974244683564,0.013517087781324492,-0.012209500667247915,0.013238845333380083,-0.018291536945183613,0.012535024007784827,-0.0023611118835809453,0.002992496569404453,-0.018634812475577644,0.008097596153261184,-0.00943142321441719,0.0050417331512831905,0.007003938711888372,0.01006377177897276,-0.0013762010933860236,-0.01020777120990534,-0.013418093273447312,0.10516588351138809,0.004792487189685937,0.017880473708507403,0.004303316984386012,-0.005435304347552064,0.004242898097037156,-0.05434134282404143,0.0010293446661321683,-0.06655084349128934,-0.004095783585443109,-0.012018751259005197,0.10399271008668141,BWA,2011-12-16,2011
100,0.0010062815715784002,0.8847139494316384,0.01859532639357864,0.017563436500004376,0.015380582916452216,-0.008704813401933197,-0.01576735417788224,-0.0038368161757920197,0.00692127113408034,-0.0003379828246269003,-0.005149313144895999,-0.005309478874633943,0.007955012921060314,0.008553654743794709,0.007906358824650388,0.0008577712053668973,0.013702316629508264,-0.02491922617552292,-0.007179222322221281,-0.0038536586534300855,-0.00773542090488542,-0.009013628684195866,-0.014926555347558369,-0.0018262807117365183,-0.036912639120455365,0.007478658963008985,0.0003041471950732996,0.002186990000645794,0.0219638018282108,-0.023209671650086985,-0.0023528551493069926,-0.0014510139314422542,0.004783366882892366,0.00904506724532792,0.004079509210983812,0.0164600135684451,0.012633163954778521,-0.0010783470944239386,-0.0384338913962302,-0.05659803913236263,PRGO,2011-12-16,2011
100,0.0015850334074265502,0.5238195210211597,0.014194753189916297,-0.005121829802627469,0.013995267573309093,-0.011551483509614472,-0.009192176528921939,0.013737886625425359,-0.009749122123054968,0.01087875619201107,-0.014654506099867933,0.0002118682231122852,0.008115403726356798,0.005830024328686538,-0.013557411203907818,-0.011217414101443232,0.009303962074502195,-0.01951903505476333,0.01310741866386111,0.011261467417604162,-0.00023826355203337285,-0.005258632772615771,-0.010698072126768411,-0.017844122390044917,0.00037674760767767335,0.0018267014800840116,-0.005569128384278401,0.0051931204144326955,-0.012607350132242075,-0.010125529428229741,0.008950871517054787,-0.001762422591656517,0.011073627810154914,0.011038238598995916,-0.0051976000814427485,-0.00772738687522128,0.0006324242472437892,-0.016052455293064538,-0.038830078716922845,-0.030435201824929578,DLTR,2011-12-16,2011
100,-0.0008925367121863591,1.2471513845564344,0.014437208949143398,0.02681722938949255,-0.007658332128479358,-0.0077032486486189895,-0.0047419607938577885,0.011935211248485561,-0.00862129632796676,-0.0016874895891573222,-0.005471837846601846,0.0045703717957905725,-0.004956920356073587,0.012571049909382945,0.050305750785927174,-6.499529672488029,6.5112914356234155,-0.0020847159554086784,0.004383643872002345,-0.020539852412541068,-0.0063024275265214855,-0.0064968307365383775,0.006452895703110557,0.0017831920669241427,0.007512185685903101,-0.01966319439775763,-0.002463609260360787,0.002237374413389507,-0.011360363031847596,-0.010393634027895312,0.008398984861661284,-0.0006414408027709613,-0.008706760558734046,0.0013883455187670892,-0.016167172324008945,0.06287680069531013,-0.0035961224146260004,0.07693749174729067,0.05183446884172436,0.018142357242078827,CBE,2011-11-18,2011
100,-0.0002983618214587643,1.153368186976311,0.011536581229675748,-0.004421014147237098,0.0014505675266327372,0.01245651662781428,0.0008543038480878541,0.012726042068627035,-0.0030468747388119315,0.0030962336855225314,-0.002281864928771008,0.05737563407042033,0.03164168609923812,-0.006053238300966306,0.013765279367235834,-0.005490258197371499,-0.02158080108149544,-0.010663720419340366,0.0015004241618933496,0.014642891304447053,-0.0022026526091826724,0.009465413562736254,0.01688689763461048,-0.009735302934475073,0.007209744932753347,0.0067649569851374325,0.0069659936262365385,-0.014706972494556703,-0.010220493012670199,-0.0049484378314326415,0.003753131796718299,-0.009082325141983802,-0.012260391939600528,0.0008205704265246416,0.08678481418759804,0.007712041066269527,0.08073157588663173,-0.028522314470044427,0.0005349324880916141,-0.025169290164782,TEL,2011-10-14,2011
100,-0.00010631175135768674,1.3219160926219247,0.018173573391569445,0.024520097724859538,-0.01595355291028412,-0.0011599441490105378,-0.010218285684198213,-0.018048648808762086,-0.008542539166010844,-0.02243067578717596,-0.034415590815451806,0.0017361942552969745,-0.013340017533833598,-0.0488283810085571,-0.012183797234277642,0.012751691049867866,-0.026036682923343712,-0.06427462570249373,-0.06793354440835118,-3.678173842837362e-05,0.01124985801641197,0.03794523272382909,-0.002633886410165324,-0.029450147448162142,-0.00048771207373125153,0.041315508782245935,-0.01511213873695983,0.007810154210745782,-0.0003617327118243356,-0.020999023103527803,-0.008608307043067386,-0.020341786949863064,0.027221076198356127,0.03177724771505365,-0.07699262904717524,-0.06101217824283474,-0.12582101005573235,-0.2065053402271555,-0.18943106508367025,-0.14721777879624248,MOS,2011-09-23,2011
100,0.0013460383799972437,0.935021887397469,0.010730173371703459,-0.006191622757672364,0.0014510177772302495,0.013082434981550848,0.00923414726293824,0.03328392167797574,0.0035191238773312674,0.01830684443843957,-0.004709762744335608,-0.0022830363147787643,-0.007303009342096379,0.014257766191365113,0.003369810105686836,0.010278749292413777,0.005028074284822872,-0.015338554611587604,-0.004372707223909519,-0.01048947045918151,0.007588107952497343,-0.00866410188847522,-0.005646132991810951,0.01017884776749256,-0.004133683220882919,-0.008241768989505079,-0.00967312794077942,0.0023119049399931463,0.0051123945218681755,-0.008424786609516715,0.0006780082592541291,-0.0045520896609153325,-0.0005224072080263625,0.006616871330192304,0.007530159914560085,0.017627576297051948,0.0217879261059252,0.013223138038791472,0.006190388419313698,-0.014638296159004381,ACN,2011-07-05,2011
100,0.0013861088969351755,0.4567455078163296,0.02146994940246371,0.02388652626450106,0.023761900542162293,0.0042471625448062475,0.004640914839049923,-0.0025175998625280725,-0.0164959992560286,0.021536230169520887,-0.041997622058090114,-0.017569103513119827,-0.03415473921403653,-0.011581123084792741,0.006980767097655167,0.0018841494127786029,0.0005015003866867744,-0.025130933493233067,0.0022164948629611043,0.02268869658268698,0.005601230304886299,-0.009780526938202912,0.007770687918110024,0.020073614071445395,0.002126967585120318,0.018564671644494282,-0.026424917379062766,0.005434302688868878,0.009937983121010498,0.00608650964183442,-0.002245919594157237,0.01630929491192251,-0.010797115558075577,0.009700510485742853,-0.08868123387175418,-0.004600355987137574,-0.10026235695654692,-0.02512914481794416,0.021224557120981626,0.049916844668679815,CMG,2011-04-27,2011
100,8.678927198834606e-05,1.3189536675933768,0.013288180508775303,-0.0025580059158400743,-0.01187936443517817,-0.0006238918469379231,-0.0111390753779574,-0.002328736413353988,0.010143955472826503,-0.0005566032611613388,-0.014554033444126091,0.05519547291043935,0.01318225604541183,0.0004233543555230276,-0.0076813019266551005,-0.007390168837597715,-0.004268821159592607,-0.004272853571985938,-0.004386430475968056,0.002837587725490219,0.004220978922421832,-0.0008508773047517725,-0.006896675231792683,-0.005978992433056093,0.0005080263781234006,0.00011252713725082557,-0.009030921149137967,0.019259755706980474,-0.006822713791113464,-0.002788058388276499,-0.0034403720076904244,-0.014317959670960546,-0.013576560991794872,0.00013231959459571781,0.06341104772339026,-0.007257947571132073,0.06383440207891329,-0.027576221616276392,-0.03424419993796489,-0.06420815711998824,BLK,2011-04-01,2011
100,0.0018660204602789319,0.6896409573827603,0.01402823174361708,-0.001009404939978597,-0.0154472236852078,0.004327159592911203,-0.011119764896737251,-0.020989084783055653,-0.005346234739930217,0.03161386889573261,-0.0029105496910342707,-0.00944136765270904,-0.007370296142131042,-0.011122314648736767,-0.01602741625345633,-0.008982540028467057,-0.040139317632336496,-0.0033703320449074967,0.005484587711838811,0.004277866274234669,0.0035485318829897748,0.0024376802007254374,0.012312591592305881,-0.008576222640404411,-0.003972017565987645,-0.022617592452167355,-0.003236975357698629,0.019569822386061846,-0.017420337844955676,0.0046169659486995605,-0.013774769431259486,0.00148819857582041,-0.000984630067360299,0.021169432320681757,0.006545420669928041,-0.0271497309021931,-0.004576893978808726,-0.07415733289606534,-0.06015688558621398,-0.07531878907437949,EW,2011-03-31,2011
100,0.0030930524123871563,1.4966991337604207,0.029802101552209206,0.008426862147859928,0.0025778475799191633,-0.019653023932579644,-0.011825827156680211,0.0038437278789460686,0.017526706007112196,-0.03173367185424046,-0.04413693956045571,-0.020177674844212762,0.01558703761956052,0.01002129273550021,-0.009921270069952835,-0.004450893343606068,-0.011588336081713915,-0.004824633093584581,-0.009185497585765354,-0.015578531405969712,-0.0023560821186707367,-0.010379630544560085,-0.019946176726686922,0.011602127042688981,-0.01809383471609382,0.02819470772767268,0.005753182063701789,0.0016964756129164331,0.02985602586062338,-0.00893851567797573,-0.016794732249654405,0.008821972497543473,-0.012577731840825453,-0.02186830289421931,-0.0629345426322362,0.00010002266554737585,-0.052913249896735993,-0.029949337439122543,-0.06660763119232102,-0.07055838480863198,FFIV,2010-12-17,2010
100,0.0031483662307895998,0.3665127113501007,0.03473932589671388,-0.046179886661964695,0.039664709531244235,-0.02243606475835959,-0.012861430302951973,0.0103166002808045,0.01322370157999525,-0.060418384008056256,-0.033021698336929445,-0.0009860331359041097,0.012084886811978682,-0.012468891778629752,-0.015084757873311948,0.03961996262454061,-0.009175111306221104,-0.006708127898722039,-0.028443509210852227,0.016697383872668923,-0.02220286354114489,-0.005205980569691798,-0.026145431903332024,0.00803402992937802,0.013788248525515762,-0.01406262450596989,-0.012097673335637462,0.00486164811616149,0.044099332276168086,-0.011079220785096308,0.005547242480346908,0.01109697508237987,-0.005896809192846553,0.0077711977247598854,-0.06911752708891587,-0.0275536496519417,-0.08158641886754563,-0.03226043544319646,-0.061083297655318225,-0.017054981269536446,NFLX,2010-12-17,2010
100,0.0008532728177728182,1.4109554100068329,0.01176502731883014,0.0013418343168229334,0.011476302296634332,0.006990644779171084,-0.02598964752533741,-0.006693045549095963,0.023429354353077636,-0.013575496030978495,-0.006907216492696021,0.012141149023788673,-0.007458440493099589,-0.011424503409815212,-0.0016318087423050991,0.016038075618949273,-0.006161443160049014,0.0005093508217413228,-0.022079737983707513,0.00544819406025639,0.004507103283583804,-0.005090532850810995,0.0006648760552960887,-0.007342490850157582,-0.019962213391526273,0.00727558274683838,-0.016122020698164465,-0.0016310775937145175,0.018308923476732093,-0.02007596335987004,0.009864434749023638,-0.010471629248533487,-0.02242948469402012,0.008679475903374416,0.007629350360092203,-0.013056312152120312,-0.0037951530497230095,-0.024750066855186242,-0.026562917157018535,-0.07312688926687891,NFX,2010-12-17,2010
100,0.0008937687347364732,0.7025768134879795,0.009365733991474022,-0.009382394147560286,0.0006300129286909715,-0.004066831645611984,-0.004863251993741576,-0.004059154709005395,-0.0025193391129783027,-0.0011359447882988982,0.040278215070436704,0.004607614782223636,0.0038932557296126272,-0.0130282344163987,-0.005363337810133705,-0.004268562315724745,-0.01218569678614621,-0.0054991125360644225,-0.011268517658662778,-0.008185078267110053,-0.0034173299797465714,-0.0073929796577408315,0.012074916339199252,-0.005409002332103963,0.0020340741544273553,0.0011363934724109306,-0.012813222190759694,0.0036101510834707405,0.012158942483641026,-0.009447286790416431,-0.0016413303926605801,0.007142873071379969,0.00257278779699757,-0.013275466303769398,0.045123801680995765,-0.018391572226532406,0.032095567264597065,-0.05161346152313056,-0.06394293542063272,-0.07246501903591124,CB,2010-07-14,2010
100,-0.0003533995854164781,1.4097580439008084,0.01351092486256773,0.04156376669388468,-0.01195150487544841,0.017003299696589223,-0.038233455999125365,-0.008732885515948662,-0.008818981251378453,0.004862209088645202,0.09303715595565973,0.000625872671580107,-0.00320335256704662,-0.016644525991881032,-0.0036833789623434907,0.012674741580376458,0.018901387518353525,-0.014090744112959717,-0.024537607837876133,-0.006236865835622982,-0.05647153217552828,-0.006660368738111887,-0.02738959847643404,0.01991461050776805,-0.02261876555451851,0.020839776918747676,-0.007542882929569325,0.01785230744823801,0.010111346041175171,0.011396581587850795,-0.000261419884079829,0.030647452846979804,0.009123474171916097,-0.016463939078565668,0.08650290389745996,-0.020327904954224523,0.06985837790557893,-0.02738012780633039,-0.10422388252425951,-0.05113995095608531,KMX,2010-06-28,2010
100,0.0015462373054555244,1.8624700537638894,0.017317101969387426,-0.0013620391295004163,0.0009344814869785044,-0.004497613671439107,0.017699116790492866,-0.009245407238338936,-0.01445655310788609,-0.05027950391138489,0.01753215443573266,-0.028256329568970884,0.006207085723541865,-0.025405796383154565,-0.01889079956581082,-0.0009652058614074213,0.008386336767157072,-0.035291440487020445,-0.024715865607575993,-0.017251731812177866,0.002813976400549246,0.008914093250117845,-0.006602039499122794,0.0017983209080180622,-0.014198617765096948,-0.004168174170794143,-0.007720137389705068,-0.0557369602042075,-0.01415361791801403,0.009548271410259641,-0.0156276954882157,-0.009497593106638199,-0.04375256740413498,-0.00017602924099734346,-0.06925314642896734,-0.04429659594896539,-0.0946589428121219,-0.09688277113781217,-0.10721015189042768,-0.262693273167972,HP,2010-02-26,2010
100,0.0012919234222425594,0.6563020052203618,0.013430973955262288,-0.0019033160835473946,-0.003914683742196389,0.006220703072969383,0.018067073580136837,0.0018349762490504117,-0.015681207814349233,0.03546063509738332,0.018390837166980603,0.008247034621972694,0.0065055439566175915,0.01693931839667582,-0.024695839010363763,-0.017549916088653257,-0.004538676887335097,-0.0031087585065333765,0.0033832097221760146,0.01404643722508486,-5.741382573631361e-05,-0.002408217063183854,-0.003992450111720233,-0.01485843740137837,-0.01516985071639048,0.005351225968198462,-0.0004184120426055844,-0.0053142904814787815,0.0001563714255230081,0.0024892016885842,0.0005546284127991596,-0.009129035619357226,0.010212161909468654,0.0007938822845190759,0.05292284302860498,-0.007756520613687944,0.06986216142528079,-0.02957066237403366,-0.03684074355096757,-0.047314860721707076,V,2009-12-18,2009
100,0.0015529212495952703,2.218265406694091,0.027170836237889157,-0.058913492281337604,-0.003682688306763925,-0.004821062345572013,0.04608421512561826,-0.02121418046648258,-0.003890544261146633,0.02753446840863604,0.015656489250806496,0.0003533054426251188,0.009067670309275404,-0.0322508869986879,0.014068997521980691,-0.014486652273727314,0.02940730291720575,-0.007894977130853801,-0.017275073806425706,0.00837305458797366,0.00013355986250374215,-0.00315669090832002,0.008111190529585331,0.006779527377251432,0.031179772098067157,-0.025532805367382096,0.0549972355138646,-0.009952471541059167,-0.031858481226646355,0.0057952110617033245,-0.003056908346181511,-0.01682719408992725,0.006626884245985568,-0.025177520858060264,0.04872138915019642,-0.01818188947670721,0.01647050215150852,-0.028431289770508288,-0.008190648321514137,-0.02199692683115014,CLF,2009-12-18,2009
100,0.0003748315564150997,0.7343730989989703,0.01445866790522248,-0.004638894071062161,0.0066977781974143745,9.946171460841272e-05,-0.017172697961317603,0.013122457252905909,-0.007200908705219991,0.02574200844595774,0.011473164222918731,-0.010749253748370281,-0.0026397013839205632,-0.03765948788466499,0.010427846136278309,-0.02332972215938138,-0.0006609658629849696,-0.012890664924832543,0.0060440801152296135,0.016180922218732276,-0.0037428489735059924,-0.007830896808695281,-0.012531691250142911,0.015447335981354775,0.01451988926412903,0.03688007101530688,-0.022047228714450088,0.003214204072624252,0.010294074822366238,0.0040417566014950826,-0.009365193439911912,-0.008298691682675094,0.01035780785469418,-0.0039742920336072575,0.016625308831365634,-0.027231641748386683,-0.021034179053299358,-0.05806891458035597,-0.050546093412613104,-0.014923695652641771,ROST,2009-12-18,2009
100,-0.0023752485728455036,1.3707920969918117,0.02373690614086698,-0.0003478645693096912,-0.007911401792936562,0.0030855848754793892,-0.009217883231120574,0.022054100704393044,0.021820728483923704,-0.004504017426021295,0.00047749382946432953,0.016423278016040536,-0.016477181203548397,-0.02772604604231911,-0.006205932699991415,0.0002754435706261889,-0.003678071769501635,-0.00489095307666804,-0.015679071916802775,0.01100536772062601,0.00611574235350707,-0.021527602263802355,0.02144542177453714,0.020593585614030126,0.00896781338747142,-0.005473893305936894,0.028413506769756014,0.011136191899799652,0.014315414165921867,0.011682137959961359,0.014294154936435637,0.03976456626138659,-0.012904031615934949,-0.00494051667737728,0.017740301699858876,-0.03393197874231053,-0.009985744342460235,-0.05790463193465678,-0.020272116735758797,0.0849832270457246,FMC,2009-08-19,2009
100,0.00395371064422349,1.345283937688457,0.02952587392649371,-0.024842606142741943,0.0037821850573647535,0.0030094145904803055,-0.010529360547794794,-0.02479514570161016,0.04472311118132198,0.010522288725531105,-0.008680984375749972,-0.032768869385921065,0.01169731649975089,-0.02176849172970992,-0.0301116638203279,0.0066428688464745846,-0.007006275029800668,0.0059022581777294116,-0.03193280492214068,-0.010029510209251729,-0.008077305792472095,-0.023374092554961444,-0.018946141811092936,-0.008136680318471697,-0.02568860224804434,0.010402311283620418,-0.0074135484842974475,0.030704103710938117,-0.016666267288115457,-0.00924106501356803,-0.005382734381264831,0.0007785472717663257,-0.005830413033489287,-0.004112246295103131,0.025492862644932942,-0.05188015555003782,0.0037243709152230235,-0.07827410847777518,-0.1468378391640251,-0.17928775364158275,FTI,2009-06-05,2009
100,-0.0005119563539683207,0.32231184479906294,0.023865669031991197,0.007776610475356108,-0.011271562654478935,0.0800437070957764,-0.021410794066795236,-0.00132533988090419,0.00012036675306134094,0.030221763543840607,-0.02784270365382777,0.011659829505344037,0.0032533760139243795,-0.01766442553191207,-0.018811599513513834,-0.0202422576768422,0.032251624296812186,-0.002187406751553818,-0.003927630105357117,-0.016059867664181472,-0.0018045880363061779,-0.001972821403785789,-0.0026254907736358328,0.011499592084111962,-0.009695594464651456,0.0014816312237070873,0.014065028336280788,-0.0007854130558851286,-0.004591980071671765,0.0037933980667865953,0.006014058870293207,-0.00612225430066259,0.010663105596802818,0.00454131193147143,0.017412632162342595,-0.03647602504542591,-0.00025179336956947587,-0.030581695282366858,-0.04154487107616416,-0.02218157894369318,HRL,2009-03-03,2009
100,0.002317119150501844,1.5812530951187986,0.04913512528583944,0.0005935088385015386,0.04107010062035854,-0.03775938375739421,0.09598129122274865,-0.017092329066366513,0.027362747813907948,0.010497391241890256,-0.0680587272601692,0.012473905476907379,0.01347743724976834,0.08864527770005029,-0.007277467611342833,-0.004154752323064878,-0.042214736595624386,0.09632781438094692,0.012999830590950973,-0.03354569478846046,0.00644474930826372,-0.024576592064663547,-0.09679576806756165,0.01922585381954675,0.00666345798120347,-0.0658596660792686,-0.03684678787209822,0.04691293854619509,-0.05880293389291108,-0.0031016067377306594,-0.04423714230847417,0.007961718029650941,-0.024741044000928483,0.030190459960325416,-0.004247245477695286,0.08136781008870746,0.08439803222235501,0.1443259661419161,0.015078514349040908,-0.12678209202499538,VTR,2009-03-03,2009
100,-0.003481339774103355,1.1172415014356707,0.043997446108277244,0.033069534577433474,0.0566684180816003,0.003062885859475381,-0.0183218443198817,-0.0060821656816373235,-0.011791886655231697,0.08850154461224272,0.040482967510905035,0.04599335182618371,-0.015170454689009724,0.012969813620649348,-0.033483635514563445,-0.020688335600169805,-0.013941999750768978,-0.024960818012774173,0.017776144091996415,-0.00196401148221733,0.002799245901390083,0.012406737797080975,-0.011961940623229195,0.0037531584158754386,-0.07064378931928665,-0.009750656938022365,0.018469093255620773,-0.005362320804894738,0.025768287169877772,0.008105054808300776,0.008031429932288638,-0.010217705435204182,-0.03784657072227427,-0.05015775805713918,0.14801552260509004,-0.020513821893914097,0.1609853362257394,-0.062328831165630635,-0.057295641156730664,-0.18090057726746409,OI,2008-12-31,2008
100,0.002120876246584887,1.3193622271914212,0.02188399190910032,-0.009526071646949298,-0.013437356578792393,-0.012362216382219082,-0.020876366070240186,0.036476645397722635,0.0021986923069935316,-0.021588201778913164,-0.0077306575363148,0.06358314487374737,0.013273554450219903,-0.018805975529849396,0.01871812255055566,0.0008978141934932876,0.008271840006831503,-0.02145757542350571,-0.045193337959582046,-0.014302358340244313,0.01599021267114959,-0.02353636966422872,-0.007420103552032174,-0.03364965379508757,-0.004113659034783973,0.006457046892149043,-0.038096947566388116,0.003121325632534158,-0.04529915415351441,0.02115370841255799,-0.04111525575337227,0.028377859385665255,0.03056999537147939,-0.028907539504050513,0.04973653231573284,-8.785297929373576e-05,0.030930556785883447,-0.0575691121620567,-0.12048738484249989,-0.18834000516022334,CRM,2008-09-12,2008
100,0.0013588951221458262,1.2187707898770255,0.01767293050426202,0.0143425587096595,-0.008302786967372189,0.005370724228066967,0.006300880902807126,0.005377905879834222,-0.004384182857696149,0.006782317153088184,0.03390815410378423,-0.0011942906446510354,0.008392786638517283,-0.011751837722321452,0.0433878701226745,0.026061124202963686,0.03118049180751515,-0.04992697018415734,-0.059850500761258585,0.02314122117989672,0.01210303309652115,-0.009753424892596913,-0.021016540866518822,-0.03230482325385527,0.03835607580709394,-0.012862083301341948,-0.08335327747435793,-0.005734451862044014,-0.005773786064118172,0.009121265820093503,-0.01880893494966919,0.009551171062465762,0.07740131172682625,0.04084440193493173,0.043504784393042506,0.031636032400353044,0.03175294667072105,-0.020899822534584056,-0.0487303572711372,1.1335428742723086e-05,FAST,2008-09-12,2008
94,0.006135548927143616,-4.546913961137799,0.6790182631223092,0.018307120565720484,-0.09213654224393991,-0.12675019678072752,0.09444934071339028,-0.20671099712716767,0.22916036195482314,-0.18657464955572495,0.018655503222542502,0.1719245939614389,-0.2862538575528776,0.03285023075687459,0.17532513068847516,0.05697496708958732,-0.3467600208932385,0.0065803198026789245,0.2734448556272937,-0.2359422150990331,-0.14361253291216722,0.10990478785012323,-0.2860612385809931,0.06823855092706384,-0.18764695037778428,-0.030114343438459194,0.018556026303923258,-0.03625832689493825,-0.11867565100016295,-0.3649418278045233,-0.07659648911790054,0.010424028291206436,0.12452750841651458,0.21853440446510958,-0.05308804796979799,0.20817536144534976,-0.0202378172129234,0.19841548307167123,-0.28905716474333515,-0.7312487859003498,MEE,2008-06-23,2008
100,0.0009710786766700752,0.9416410458838712,0.018259484971079515,0.02025902751358376,0.013273783508285637,0.05038861060466134,0.010836495360931033,0.03382639331067221,-0.00936818976896383,-0.010648441790774479,-0.00794470311125707,0.04622467768958838,0.03180762811433768,0.018768211598566266,-0.0051805032087216,0.007180370229441915,0.0027439000128892015,0.006341741605273446,0.006368332085528153,0.0002592215028833821,0.03866880376665831,0.0037609224950087604,-0.009605083332042335,0.002218338553788478,-0.015221407645650251,-0.01012037965498272,-0.005639556138340877,0.0617301883357016,0.047947776676159,-0.05000954222201364,-0.032372831575866665,-0.02709319485902098,0.024273409534104014,-0.025448033827491497,0.05007097113293068,0.013587708389844666,0.06883918273149695,0.03622205232297738,0.07152425530927396,0.039570683931871936,RRC,2007-12-20,2007
100,0.0032739676687215955,1.4466777836779505,0.02135587737582006,-0.0023506536114897064,0.013595067207835633,0.007875920445239689,-0.0005753409010290037,-0.013095194426655521,0.0049109031621991615,0.018067341383574756,-0.02701415301840382,0.001920093091980754,-0.003433842179949574,-0.023465816836845795,0.02815322528666476,0.017590211832304897,0.03486148777541865,-0.0011399172783997254,0.008018214632881032,-0.03771293116727789,0.014749550923555857,-0.01110045103674039,0.006663551088957057,-0.0038413926668030575,0.0036178848472103982,-0.011809632261835224,-0.006429919797869473,-0.019735944977140027,-0.01708762074241764,0.016063514073237552,-0.04065493251759722,-0.06763575566943136,0.013655285208589017,0.011135090157683627,-0.0055496575605987215,0.004687408449818964,-0.029015474397444514,0.06401740541202382,0.03277573255371539,-0.08610629912585496,GME,2007-12-13,2007
100,0.0023324711276078406,0.299189211662862,0.021025836383884788,0.00993403063800674,0.012648196247428231,-0.007334215981224466,0.003311774820875031,0.004228422825371934,0.050073720732185044,0.002011923031798383,-0.004124862168243928,-0.003932821219591958,0.04149155841154561,0.004601347917975169,0.004955133278761723,0.00027870614885496924,0.02553912242418728,-0.0036541466741688696,-0.014807147081438734,-0.0018197212702086788,-0.006289996641337188,0.003485461902691431,-0.00010276479485288949,-0.021352050888869073,-0.008472158034153325,-0.002699907370165085,-0.027418172127243637,0.0011188880012819738,-0.0006941376159260359,-0.024329561962705127,-0.005463358976594579,0.0053462996266407155,-0.0015942067991357117,-0.013080343599241484,0.08551951878769315,0.009556481196736893,0.09012086670566832,0.01691301601417154,-0.00916605567840486,-0.08645271453564717,EXPE,2007-10-02,2007
100,0.0008863967970688716,1.0004309275002032,0.023566455863220807,-0.0013147352677703127,-0.027165494733647953,-0.01168137117374904,-0.005270432792465453,0.04014696726652707,-0.037267791387705675,0.034181156785673024,-0.004895953522073512,0.050197711717459285,0.06324127922303234,-0.001335875713107804,-0.0011075256323033657,-0.0015371258428684199,-0.0003642861332038231,0.003591218062140971,-0.003395761069244761,0.0011632797499610639,0.012418946344607083,0.02372154135176808,0.005950023625033463,-0.004627084523241795,-0.035203427898114766,0.025155730086683988,-0.017260916358722015,-0.006630848749369107,0.013880800505866127,0.024127514599015822,0.037780290169934734,-0.020788985218441552,0.03400728855927694,0.04197059770259304,0.10545640281638546,-0.0024434013454111697,0.10412052710327765,-0.0041493563285872025,0.03447735021954069,0.13151539361826392,ICE,2007-09-26,2007
100,0.00015074565089117503,1.0807973287403827,0.010505469904432761,-0.008086467778257765,5.718866537874137e-05,-0.0010617396912969137,0.011332415426968567,0.019767877245966372,-0.008900878577994244,0.021252714849427225,-0.005008758692962776,0.009589033591418269,-0.018123423020953395,0.012789358359317396,0.023610547519418854,0.0030733167726336988,0.020622605436028764,0.0063890331935110446,0.014260449773036692,0.007726674175056705,-0.003814262305107694,0.008124514905713373,0.009701111154216025,0.011006850049058672,0.0032696897330162945,-0.00621228469020237,0.01016604246596495,-0.005903872289133895,-0.015947778978949854,-0.010801577721055364,0.0030900477484959487,0.014195532308577227,0.0009721519641200343,-0.004073576148228346,-0.0011913118510649204,0.03639990587873625,0.011598046508252476,0.08074531105394644,0.11349019903288353,0.10224457342548816,AVB,2007-01-10,2007
100,0.002587335039292728,1.8732212582978673,0.01864822673097424,-0.014267889130989697,0.0005924137469693162,0.017327783955609886,-0.018949016705927583,0.0003226917858461277,0.003483863098940068,-0.004651188198113298,0.048793864414100566,0.013004639171146855,0.011154640775356547,0.01537003896626698,-0.012227254575527015,0.005674632680510881,-0.021647293507052683,-0.010228983284777405,0.01943382155021074,0.001510811247492856,0.007512595005026919,-0.014141411908566473,-0.001970646633440468,-0.002853985096261655,0.0037921723913591316,-0.0019482274172592344,-0.010185147015771086,0.0001884638281206396,0.0025843684001776585,-0.004237019829555447,-0.012238659629072198,0.0014795641675056468,-0.002715942713219763,-0.0088345979472374,0.07178581926143074,0.0031427843907399656,0.08715585822769772,-0.0036250381703685046,-0.013567675556117322,-0.04568270132106937,AMZN,2005-11-18,2005
100,0.0009865447721600082,1.10612647490885,0.015800295832338225,0.005355038677100629,0.026473029220810722,0.00370238974722493,-0.006429318123486361,0.02348833683261926,-0.022109110180400966,0.04406749012405872,0.03034186887779347,-0.009508043621064364,-0.02709621793175722,0.00959823117493869,-0.015743158215846386,0.009956769559716387,-0.0016840589663258939,-0.0015150429831998751,-0.029281730108502383,-0.004510901576273731,-0.019022994315204125,-0.013914643659185485,-0.006097701372475475,0.008630463479392432,-0.02206106093954605,-0.01972222345178675,0.012400282661279557,-0.0030573950656353527,-0.00390955016644992,-0.0025452767337119883,-0.02836063017541427,0.010877009044753303,-0.01270123287793187,-0.007890808397503318,0.01569598726862964,-0.006144927040907695,0.02529421844356833,-0.02866898953921946,-0.06358476698296585,-0.1405556530849125,STZ,2005-07-01,2005
100,0.00016071820166095442,1.1259076384129567,0.018959465001500114,0.006621225976307183,0.00316899072728331,-0.0018711005740668406,-0.0033181410600281493,-0.014627773857894388,0.002321844861402798,-0.011098268699677232,-0.01198411525657526,0.016431753986011478,0.025898466196219237,-0.006200878660064959,-0.002039085870627659,0.018940166183375816,0.016362532794007508,-0.006714306779371529,-0.003517566435675536,-0.03579907119529106,-0.02607051418081978,-0.007336437597819417,0.017690950267579456,-0.007541920294549987,-0.006476601864428391,-0.02895371508127581,-0.0001428450810051383,-0.0034159977850107552,-0.004748503512129021,-0.026500823595545293,0.012663430947830075,0.010606138896316277,3.5164249149507304e-05,0.010659183905090713,0.021569681087381023,-0.008239964530692617,0.015368802427316064,0.01683086123164364,-0.04222613176925716,-0.078500700690265,ESRX,2003-09-25,2003
100,0.005919161517346773,1.78536014886487,0.0416355804057289,-0.11251029892228293,-0.11444065424189401,-0.066249143262163,0.0099121446786389,0.026003834338310595,0.03003480694423163,-0.03647094703854418,-0.011302671356769881,0.004614818582515637,-0.03137846299340201,0.037569040276955026,-0.017040186825149645,-0.0005871357227326566,-0.026488332996289516,0.04832962907319494,-0.025617113672149524,0.007483518124154901,-0.015724867516694774,0.014844454675778346,-0.0680246717237592,-0.05883357981836905,-0.05418637379756642,0.01662654552111197,-0.17065144883080388,-0.02741186162414641,0.05791824130208425,0.06460697583143912,-0.026023124507004572,-0.03943459211391682,-0.018471178830739857,0.0476154940734253,-0.0445024558619688,0.02052885345180538,-0.006933415585013772,0.01616590013382863,-0.10408924612506115,-0.25350056910117846,INTU,2000-12-05,2000
100,0.0007477242612482283,0.44506926561269017,0.04286928719717027,-0.024311402273112393,-0.027449790955071975,-0.00016851009839219735,-0.009499241343626572,-0.009402744550906892,0.002163103957909293,-0.03648351671046511,-0.004856278129486212,0.028168693065692127,0.0006918396828745625,0.027927593729055705,-0.007904532503761538,-0.02639849332133961,-0.04244051987549116,0.003568135066505436,-0.007246358250163518,-0.01115034220894427,-0.001705630468277744,0.20318080090177695,0.0025438133688937374,-0.004997524488270056,0.0007103885640475699,-0.0568641286426112,0.003071270264562248,-0.0044994186364365266,0.0018206702841031463,0.07283817809680593,0.04657872983898788,0.00024048419253909752,-0.1112070177903835,-0.06732654283831387,-0.01031615813347534,0.020023061225294167,0.017611435595580364,-0.05249417515519469,0.1353769419499839,0.020739555283284708,CVG,2000-06-12,2000
100,0.0026870067117556757,1.2777803788376396,0.044506850525739314,-0.03166520196646621,0.06478037445371634,-0.023540251492834043,-0.02487103720875059,0.0835680951588644,0.026936574443169277,-0.013213319585641517,0.037343136879467435,-0.027120400469566576,0.057158557671832436,-0.09605420930927137,0.027223749822490394,0.013759568310446404,-0.04692088600743742,0.03587005165956053,-0.024733639136435014,-0.024094803123026948,0.015094291646458865,-0.01420139023316773,0.016603688759397432,0.013743547022657848,0.010392684233285168,-0.007297159268900061,0.011314254853008531,0.03540070942910426,0.011725014184471546,5.994282264040404e-05,-0.005240739552477244,-0.007594409732319285,0.01286166527826982,-0.01842415701206367,0.08110454893926106,-0.06883045948678099,-0.014949660370010318,-0.09085536466064649,-0.08371003058832702,-0.04051222535330755,SBUX,2000-06-07,2000
